bank,year,financials_status,board_status,ori_status,overall_status,manual_review_date,corrections,notes
Absa Bank Ghana PLC,2020,verified,verified,corrected,corrected_and_verified,2026-08-29,ORI8 corrected from 0 to 1; ORI score corrected from 87.5 to 100.0,"Financial values are verified from the 2020 statement pages in GHS thousands and normalized to absolute GHS: profit after tax 471,128,000; total assets 12,546,473,000; total liabilities 10,598,067,000; cash and cash equivalents 1,510,299,000. Board composition is verified at 8 directors and 4 independent non-executive directors. ORI3 is supported by the contingency funding plan aligned with country business resumption plans. ORI8 is supported by the Board Information Technology and Cyber Security Committee disclosure covering disaster recovery and response to incidents. ORI vector [1,1,1,1,1,1,1,1]; score 100.0%."
Absa Bank Ghana PLC,2021,verified,verified,corrected,corrected_and_verified,2026-08-29,ORI8 corrected from 0 to 1; ORI score corrected from 87.5 to 100.0,"Financial values are verified from the 2021 statement pages in GHS thousands and normalized to absolute GHS: profit after tax 692,519,000; total assets 16,037,548,000; total liabilities 13,739,885,000; cash and cash equivalents 2,858,669,000. Board composition is verified at 8 directors and 5 independent directors. ORI3 is supported by the contingency funding plan aligned with country business resumption plans and restoration of payment systems after systems failure. ORI8 is supported by the Board Information Technology and Cyber Security Committee disclosure covering disaster recovery and response to incidents. ORI vector [1,1,1,1,1,1,1,1]; score 100.0%."
Absa Bank Ghana PLC,2022,verified,verified,corrected,corrected_and_verified,2026-08-29,ORI8 corrected from 0 to 1; ORI score corrected from 87.5 to 100.0,"Financial values are verified from the 2022 statement pages in GHS thousands and normalized to absolute GHS: loss after tax -429,169,000; total assets 17,102,274,000; total liabilities 14,963,943,000; cash and cash equivalents 3,849,838,000. Board composition is verified at 8 directors and 5 independent directors. ORI3 is supported by the contingency funding plan aligned with country business resumption plans and restoration of payment systems after systems failure. ORI8 is supported by the Board Information Technology, Cyber Security and Payment Systems Committee disclosure covering disaster recovery and response to incidents. ORI vector [1,1,1,1,1,1,1,1]; score 100.0%."
Absa Bank Ghana PLC,2023,verified,verified,corrected,corrected_and_verified,2026-08-29,ORI8 corrected from 0 to 1; ORI score corrected from 87.5 to 100.0,"Financial values are verified from the 2023 statement pages in GHS thousands and normalized to absolute GHS: profit after tax 1,136,695,000; total assets 21,490,932,000; total liabilities 18,515,621,000; cash and cash equivalents 8,438,363,000. Board composition is verified at 9 directors and 5 independent directors using the report's 56% independent non-executive directors statement; the named director table includes in-year appointments/resignation, so the percentage supports the year-end count. ORI3 is supported by the contingency funding plan aligned with country business resumption plans and restoration of payment systems after systems failure. ORI8 is supported by the Board Information Technology, Cyber Security and Payment Systems Committee disclosure covering disaster recovery and response to incidents. ORI vector [1,1,1,1,1,1,1,1]; score 100.0%."
Absa Bank Ghana PLC,2024,verified,verified,corrected,corrected_and_verified,2026-08-29,ORI8 corrected from 0 to 1; ORI score corrected from 87.5 to 100.0,"Financial values are verified from the 2024 statement pages in GHS thousands and normalized to absolute GHS: profit after tax 1,194,729,000; total assets 27,341,756,000; total liabilities 23,163,726,000; cash and cash equivalents 9,847,398,000. Board composition is verified at 10 directors and 4 independent directors: chair plus three INEDs. ORI3 is supported by the contingency funding plan aligned with country business resumption plans and restoration of payment systems after systems failure. ORI8 is supported by the Board Information Technology, Cyber Security and Payment Systems Committee disclosure covering disaster recovery and response to incidents. ORI vector [1,1,1,1,1,1,1,1]; score 100.0%."
Absa Bank Ghana PLC,2025,verified,verified,corrected,corrected_and_verified,2026-08-29,ORI8 corrected from 0 to 1; ORI score corrected from 87.5 to 100.0,"Financial values are verified from the 2025 statement pages in GHS thousands and normalized to absolute GHS: profit after tax 1,762,411,000; total assets 31,529,847,000; total liabilities 25,556,763,000; cash and cash equivalents 9,701,763,000. Board composition is verified at 11 directors and 4 independent directors: chair plus three INEDs. ORI3 is supported by the contingency funding plan aligned with country business resumption plans and restoration of payment systems after systems failure. ORI8 is supported by the Board Information Technology, Cyber Security and Payment Systems Committee disclosure covering disaster recovery and response to incidents. ORI vector [1,1,1,1,1,1,1,1]; score 100.0%."
Access Bank (Ghana) PLC,2020,corrected,verified,corrected,corrected_and_verified,2026-08-30,"Cash and cash equivalents corrected from 1,056,929,000 to 973,734,000; ORI8 corrected from 0 to 1; ORI score corrected from 87.5 to 100.0","Financial values are verified from the 2020 statement pages in GHS thousands and normalized to absolute GHS: profit after tax 240,792,000; total assets 5,823,778,000; total liabilities 4,771,659,000; cash and bank balances 973,734,000. The prior cash value was the cash-flow statement's opening/2019 comparative cash figure, not the 2020 statement-of-financial-position cash line. Board composition is verified at 6 directors and 2 independent non-executive directors. ORI3 is supported by explicit Disaster Recovery site/business-continuity language. ORI8 is supported by the Board Cyber and Information Security Committee disclosure covering cyber security risk assessment, reported incidents and global cyber incidents. ORI vector [1,1,1,1,1,1,1,1]; score 100.0%."
Access Bank (Ghana) PLC,2021,verified,verified,corrected,corrected_and_verified,2026-08-30,ORI8 corrected from 0 to 1; ORI score corrected from 87.5 to 100.0,"Financial values are verified from the 2021 statement pages in GHS thousands and normalized to absolute GHS: profit after tax 321,578,000; total assets 7,491,295,000; total liabilities 6,128,726,000; cash and cash equivalents 969,529,000. Board composition is verified at 9 directors and 5 independent directors: seven non-executive directors, one executive director and the Managing Director, with five independent. ORI3 is supported by explicit Business Continuity Plan wording. ORI8 is supported by the Board Cyber Security and Information Technology Committee disclosure covering reported incidents, global cyber incidents, preparedness to sustain incidents and mitigation measures. ORI vector [1,1,1,1,1,1,1,1]; score 100.0%."
Access Bank (Ghana) PLC,2022,verified,verified,corrected,corrected_and_verified,2026-08-30,ORI8 corrected from 0 to 1; ORI score corrected from 87.5 to 100.0,"Financial values are verified from the 2022 statement pages in GHS thousands and normalized to absolute GHS: loss after tax -338,135,000; total assets 10,057,221,000; total liabilities 9,043,018,000; cash and cash equivalents 3,084,820,000. Board composition is verified at 11 directors and 5 independent directors: eight non-executive directors, two executive directors and the Managing Director, with five independent. ORI3 is supported by the Board Risk Management and Payment Systems Committee disclosure covering business continuity and contingency planning. ORI8 is supported by the Board Cyber Security and Information Technology Committee disclosure covering reported incidents, global cyber incidents, preparedness to sustain incidents and mitigation measures. ORI vector [1,1,1,1,1,1,1,1]; score 100.0%."
Access Bank (Ghana) PLC,2023,verified,verified,corrected,corrected_and_verified,2026-08-30,ORI8 corrected from 0 to 1; ORI score corrected from 87.5 to 100.0,"Financial values are verified from the 2023 statement pages in GHS thousands and normalized to absolute GHS: profit after tax 618,465,000; total assets 12,304,262,000; total liabilities 10,901,525,000; cash and cash equivalents 2,657,202,000. Board composition is verified at 10 directors and 5 independent directors; the report states that five directors, representing 50% of the Board, are independent. ORI3 is supported by the Board Risk Management and Payment Systems Committee disclosure covering business continuity and contingency planning. ORI8 is supported by the Board Cyber Security and Information Technology Committee disclosure covering reported incidents, global cyber incidents, preparedness to sustain incidents and mitigation measures. ORI vector [1,1,1,1,1,1,1,1]; score 100.0%."
Access Bank (Ghana) PLC,2024,verified,verified,corrected,corrected_and_verified,2026-08-30,ORI3 corrected from 0 to 1; ORI score corrected from 87.5 to 100.0,"Financial values are visually verified from the 2024 statement pages in GHS thousands and normalized to absolute GHS: profit after tax 536,912,000; total assets 16,561,742,000; total liabilities 14,804,021,000; cash and cash equivalents 3,944,691,000. Board composition is visually verified at 10 directors and 5 independent non-executive directors. ORI3 is supported by the Board Risk Management and Payment Systems Committee disclosure covering Business Continuity and Contingency Planning and oversight of business continuity and contingency planning. ORI8 is supported by the Board Cyber Security and Information Technology Committee disclosure covering reported incidents, global cyber incidents, preparedness to sustain incidents and mitigation measures. ORI vector [1,1,1,1,1,1,1,1]; score 100.0%."
Access Bank (Ghana) PLC,2025,verified,verified,corrected,corrected_and_verified,2026-08-30,ORI8 corrected from 0 to 1; ORI score corrected from 87.5 to 100.0,"Financial values are verified from the 2025 statement pages in GHS thousands and normalized to absolute GHS: profit after tax 286,469,000; total assets 19,022,897,000; total liabilities 16,978,465,000; cash and cash equivalents 4,137,039,000. Board composition is verified at 9 directors and 6 independent non-executive directors: six independent non-executive directors, one non-executive director, one executive director and the Managing Director. ORI3 is supported by the Board Risk Management and Payment Systems Committee disclosure covering Business Continuity and Contingency Planning and oversight of business continuity and contingency planning. ORI8 is supported by the Board Cyber Security and Information Technology Committee disclosure covering reported incidents, global cyber incidents, preparedness to sustain incidents and mitigation measures. ORI vector [1,1,1,1,1,1,1,1]; score 100.0%."
Agricultural Development Bank (ADB) PLC,2020,verified,verified,corrected,corrected_and_verified,2026-08-30,ORI8 corrected from 0 to 1; ORI score corrected from 87.5 to 100.0,"Financial values are verified from the 2020 statement pages in GHS thousands and normalized to absolute GHS: profit after tax 65,403,000; total assets 5,715,794,000; total liabilities 4,865,171,000; cash and cash equivalents 1,392,493,000. Board composition is verified at 8 directors and 3 independent directors: independent non-executive chairman, two other independent non-executive directors, four non-executive directors and one executive/managing director. ORI3 is supported by Business Continuity Management - BCMS (ISO22301). ORI8 is supported by explicit operational-risk wording requiring reporting of operational losses and proposed remedial action, including Development of contingency plans. ORI vector [1,1,1,1,1,1,1,1]; score 100.0%."
Agricultural Development Bank (ADB) PLC,2021,verified,verified,corrected,corrected_and_verified,2026-08-30,ORI8 corrected from 0 to 1; ORI score corrected from 87.5 to 100.0,"Financial values are verified from the 2021 statement pages in GHS thousands and normalized to absolute GHS: profit after tax 81,602,000; total assets 6,454,119,000; total liabilities 5,515,864,000; cash and cash equivalents 1,111,677,000. Board composition is verified at 9 directors and 4 independent directors: independent non-executive chairman, three other independent non-executive directors, four non-executive directors and one executive/managing director. ORI3 is supported by operational-risk wording that includes business continuity, and by Business Continuity Management System - BCMS (ISO 22301). ORI8 is supported by explicit operational-risk wording requiring reporting of operational losses and proposed remedial action, including Development of contingency plans. ORI vector [1,1,1,1,1,1,1,1]; score 100.0%."
Agricultural Development Bank (ADB) PLC,2022,verified,verified,corrected,corrected_and_verified,2026-08-30,ORI8 corrected from 0 to 1; ORI score corrected from 87.5 to 100.0,"Financial values are verified from the 2022 statement pages in GHS thousands and normalized to absolute GHS: loss after tax -371,280,000; total assets 7,412,720,000; total liabilities 6,754,530,000; cash and cash equivalents 1,983,532,000. Board composition is verified at 9 directors and 4 independent directors: independent non-executive chairman, three other independent non-executive directors, four non-executive directors and one executive/managing director. ORI3 is supported by operational-risk wording that includes business continuity. ORI8 is supported by explicit operational-risk wording requiring reporting of operational losses and proposed remedial action, including Development of contingency plans. ORI vector [1,1,1,1,1,1,1,1]; score 100.0%."
Agricultural Development Bank (ADB) PLC,2023,verified,verified,corrected,corrected_and_verified,2026-08-30,ORI8 corrected from 0 to 1; ORI score corrected from 75.0 to 87.5,"Financial values are verified from the 2023 statement pages in GHS thousands and normalized to absolute GHS: loss after tax -828,820,000; total assets 9,312,647,000; total liabilities 9,414,943,000; cash and cash equivalents 3,800,040,000. Board composition is verified at 9 directors and 4 independent directors: independent non-executive chairman, three other independent non-executive directors, four non-executive directors and one executive/managing director. ORI3 remains 0 because no explicit business-continuity, disaster-recovery or BCMS disclosure was found in the supplied evidence; the continuity hit relates only to management succession. ORI8 is supported by explicit operational-risk wording requiring reporting of operational losses and proposed remedial action, including Development of contingency plans. ORI vector [1,1,0,1,1,1,1,1]; score 87.5%."
Agricultural Development Bank (ADB) PLC,2024,verified,verified,corrected,corrected_and_verified,2026-08-30,ORI8 corrected from 0 to 1; ORI score corrected from 75.0 to 87.5,"Financial values are verified from the 2024 statement pages in GHS thousands and normalized to absolute GHS: profit after tax 35,061,000; total assets 14,604,777,000; total liabilities 13,326,732,000; cash and cash equivalents 7,176,917,000. Board composition is verified at 7 directors and 3 independent directors: non-executive chairman, three independent non-executive directors, two non-executive directors and one executive director. ORI3 remains 0 because no explicit business-continuity, disaster-recovery or BCMS disclosure was found; succession continuity is not treated as business continuity. ORI8 is supported by explicit operational-risk wording requiring reporting of operational losses and proposed remedial action, including Development of contingency plans. ORI vector [1,1,0,1,1,1,1,1]; score 87.5%."
Agricultural Development Bank (ADB) PLC,2025,verified,corrected,verified,corrected_and_verified,2026-08-30,Board total corrected from 7 to 8; independent directors corrected from 2 to 3; board independence corrected from 0.2857142857142857 to 0.375,"Financial values are visually verified from the 2025 statement pages in GHS thousands and normalized to absolute GHS: profit after tax 367,291,000; total assets 17,887,521,000; total liabilities 15,409,682,000; cash and cash equivalents 9,902,445,000. Board composition is visually verified from the explicit year-end sentence at 8 directors and 3 independent non-executive directors: three independent non-executive directors, four non-executive directors and one executive director. ORI3 is supported by Risk Committee wording that includes business continuity. ORI8 remains 0 because no explicit incident-response, crisis-management or contingency-plan disclosure was located in the supplied visual evidence. ORI vector [1,1,1,1,1,1,1,0]; score 87.5%."
CalBank PLC,2020,verified,verified,verified,verified_no_change,2026-08-30,No changes required,"Financial values are verified from the 2020 Bank columns in GHS thousands and normalized to absolute GHS: profit after tax 206,969,000; total assets 7,903,415,000; total liabilities 6,791,481,000; cash and cash equivalents 1,211,761,000. Board composition is verified at 11 directors and 8 independent directors using the year-end roster, with independence corroborated against explicit later classifications for the same directors. ORI3 is supported by back-up and systems recovery infrastructure, recovery time objective and business continuity wording. ORI8 is supported by operational-risk contingency-plan wording and cyber-attack incident response and recovery plan wording. ORI vector [1,1,1,1,1,1,1,1]; score 100.0%."
CalBank PLC,2021,verified,verified,verified,verified_no_change,2026-08-30,No changes required,"Financial values are verified from the 2021 Bank columns in GHS thousands and normalized to absolute GHS: profit after tax 215,239,000; total assets 10,012,378,000; total liabilities 8,754,700,000; cash and cash equivalents 1,307,694,000. Board composition is verified at 11 directors and 8 independent directors from the board profile classifications. ORI3 is supported by explicit IT business continuity and disaster recovery capabilities and contingency plans. ORI8 is supported by cyber attack incident response and recovery plan wording and operational-risk contingency-plan wording. ORI vector [1,1,1,1,1,1,1,1]; score 100.0%."
CalBank PLC,2022,verified,verified,verified,verified_no_change,2026-08-30,No changes required,"Financial values are verified from the 2022 Bank columns in GHS thousands and normalized to absolute GHS: loss after tax -815,200,000; total assets 9,219,254,000; total liabilities 8,722,745,000; cash and cash equivalents 2,008,870,000. Board composition is verified at 12 directors and 8 independent directors from the board roster and explicit profile classifications. ORI3 is supported by explicit business-continuity and disaster-recovery wording: the report says the Bank continued to review, update and simulate its business continuity plan and completed enhancement of its disaster recovery site. ORI8 is supported by operational-risk contingency-plan wording and cyber-attack incident response/recovery-plan wording. ORI vector [1,1,1,1,1,1,1,1]; score 100.0%."
CalBank PLC,2023,verified,corrected,verified,corrected_and_verified,2026-08-30,Board total corrected from 12 to 10; board independence corrected from 0.6666666666666666 to 0.8,"Financial values are verified from the 2023 Bank columns in GHS thousands and normalized to absolute GHS: loss after tax -680,278,000; total assets 9,869,433,000; total liabilities 10,054,336,000; cash and cash equivalents 2,320,963,000. Board composition is corrected to the year-end basis: 10 directors and 8 independent directors after excluding Rosalind Nana Emela Kainyah, who retired in June 2023, and Carl Selasi Asem, who was appointed in February 2024. ORI3 is supported by explicit IT business-continuity and disaster-recovery capabilities and contingency-plan wording. ORI8 is supported by cyber-attack incident response/recovery-plan wording and operational-risk contingency-plan wording. ORI vector [1,1,1,1,1,1,1,1]; score 100.0%."
CalBank PLC,2024,verified,verified,verified,verified_no_change,2026-08-30,No changes required,"Financial values are verified from the 2024 Bank columns in GHS thousands and normalized to absolute GHS: profit after tax 256,393,000; total assets 11,658,694,000; total liabilities 11,441,358,000; cash and cash equivalents 2,808,619,000. Board composition is verified at 6 directors and 4 independent directors on a year-end basis after excluding the July and September 2024 retirees. ORI3 is supported by explicit business continuity strategy wording and IT business-continuity/disaster-recovery capabilities and contingency-plan wording. ORI8 is supported by cyber-attack incident response/recovery-plan wording and operational-risk contingency-plan wording. ORI vector [1,1,1,1,1,1,1,1]; score 100.0%."
CalBank PLC,2025,verified,verified,verified,verified_no_change,2026-08-30,No changes required,"Financial values are verified from the 2025 Bank columns in GHS thousands and normalized to absolute GHS: profit after tax 306,412,000; total assets 11,899,483,000; total liabilities 10,371,041,000; cash and cash equivalents 1,743,518,000. Board composition is verified at 7 directors and 3 independent directors on a year-end basis after excluding March 2025 retirees and including the March/June 2025 appointees. ORI3 is supported by explicit business continuity strategy wording and IT business-continuity/disaster-recovery capabilities and contingency-plan wording. ORI8 is supported by cyber-attack incident response/recovery-plan wording and operational-risk contingency-plan wording. ORI vector [1,1,1,1,1,1,1,1]; score 100.0%."
Consolidated Bank Ghana (CBG) Limited,2020,verified,verified,verified,verified_no_change,2026-08-30,No changes required,"Financial values are verified from the 2020 statement pages in GHS thousands and normalized to absolute GHS: profit for the year 46,321,000; total assets 9,961,762,000; total liabilities 9,398,214,000; cash and cash equivalents 769,178,000. Board composition is verified at 7 directors: one executive director and six non-executive directors. ORI1 is supported by the Operational risk note; ORI2 by the Board Risk Committee; ORI4 by the Board Cyber and Information Security Committee; ORI5 by internal control disclosures; ORI6 by Internal Audit; ORI7 by AML/CFT disclosures. ORI3 remains 0 because no explicit business-continuity or disaster-recovery disclosure was located. ORI8 remains 0 because no explicit incident-response or crisis-response disclosure was located; the COVID Crisis Committee wording was treated as pandemic risk governance, not a disclosed incident/crisis response framework. ORI vector [1,1,0,1,1,1,1,0]; score 75.0%."
Consolidated Bank Ghana (CBG) Limited,2021,verified,verified,verified,verified_no_change,2026-08-30,No changes required,"Financial values are visually verified from the 2021 scanned statement pages in GHS thousands and normalized to absolute GHS: profit for the year 72,261,000; total assets 10,751,164,000; total liabilities 9,949,619,000; cash and cash equivalents 796,638,000. Board composition is visually verified at 8 directors: one executive director and seven non-executive directors. ORI1 is supported by the Operational risk note; ORI2 by the Board Risk Committee; ORI4 by the Board Technology, Cyber and Information Security Committee; ORI5 by internal control disclosures; ORI6 by Internal Audit; ORI7 by AML/CFT disclosures. ORI3 remains 0 because no explicit business-continuity or disaster-recovery disclosure was located. ORI8 remains 0 because no explicit incident-response or crisis-response disclosure was located; the COVID Crisis Committee wording was treated as pandemic risk governance, not a disclosed incident/crisis response framework. ORI vector [1,1,0,1,1,1,1,0]; score 75.0%."
Consolidated Bank Ghana (CBG) Limited,2022,verified,verified,verified,verified_no_change,2026-08-30,No dataset value changes required; supporting evidence value for board independence corrected from rounded/misstated 0.9 to 0.8888888888888888,"Financial values are verified from the 2022 statement pages in GHS thousands and normalized to absolute GHS: loss for the year -1,505,456,000; total assets 10,616,368,000; total liabilities 11,329,251,000; cash and cash equivalents 1,928,562,000. Board composition is verified at 9 directors: one executive director and eight non-executive directors; board independence is 8/9 = 0.8888888888888888. ORI1 is supported by the Operational risk note; ORI2 by the Board Risk Committee and board risk oversight; ORI4 by the Board Technology, Cyber and Information Security Committee; ORI5 by internal control/control environment disclosures; ORI6 by Internal Audit; ORI7 by AML/CFT disclosures. ORI3 remains 0 because no explicit business-continuity or disaster-recovery disclosure was located. ORI8 remains 0 because no explicit incident-response, crisis-response, disruption-response, or recovery-plan disclosure was located. ORI vector [1,1,0,1,1,1,1,0]; score 75.0%."
Consolidated Bank Ghana (CBG) Limited,2023,verified,verified,verified,verified_no_change,2026-08-30,No changes required,"Financial values are verified from the 2023 statement pages in GHS thousands and normalized to absolute GHS: loss for the year -542,962,000; total assets 13,691,904,000; total liabilities 12,447,749,000; cash and cash equivalents 1,229,760,000. Board composition is verified at 10 directors: one executive director and nine independent non-executive directors; board independence is 9/10 = 0.9. ORI1 is supported by the Operational risk note; ORI2 by the Board Risk Committee and board risk oversight; ORI4 by information/cyber security disclosures; ORI5 by internal control/control environment disclosures; ORI6 by Internal Audit; ORI7 by AML/CFT disclosures. ORI3 remains 0 because no explicit business-continuity or disaster-recovery disclosure was located. ORI8 remains 0 because no explicit incident-response, crisis-response, disruption-response, or recovery-plan disclosure was located; monitoring cyber security incidences was treated as monitoring evidence, not response-framework evidence. ORI vector [1,1,0,1,1,1,1,0]; score 75.0%."
Consolidated Bank Ghana (CBG) Limited,2024,verified,verified,verified,verified_no_change,2026-08-30,No changes required,"Financial values are verified from the 2024 statement pages in GHS thousands and normalized to absolute GHS: profit for the year 88,719,000; total assets 16,638,057,000; total liabilities 15,343,597,000; cash and cash equivalents 3,888,381,000. Board composition is verified at 7 directors: one executive director and six independent non-executive directors; board independence is 6/7 = 0.8571428571428571. ORI1 is supported by the Operational risk note; ORI2 by the Board Risk Committee and board risk oversight; ORI3 is supported by explicit testing of the Bank's Disaster Recovery Site; ORI4 by information/cyber security disclosures; ORI5 by internal control/control environment disclosures; ORI6 by Internal Audit; ORI7 by AML/CFT disclosures. ORI8 remains 0 because no explicit incident-response, crisis-response, disruption-response, or recovery-plan disclosure was located; monitoring cyber security incidences was treated as monitoring evidence, not response-framework evidence. ORI vector [1,1,1,1,1,1,1,0]; score 87.5%."
Consolidated Bank Ghana (CBG) Limited,2025,verified,verified,corrected,corrected_and_verified,2026-08-30,ORI3 corrected from 1 to 0; ORI score corrected from 87.5 to 75.0,"Financial values are verified from the 2025 statement pages in GHS thousands and normalized to absolute GHS: profit for the year 7,384,000; total assets 17,857,592,000; total liabilities 16,360,512,000; cash and cash equivalents 4,926,174,000. Board composition is verified at 9 directors: one executive director, three independent non-executive directors and five non-executive directors; board independence is 3/9 = 0.3333333333333333. ORI1 is supported by the Operational risk note; ORI2 by the Board Risk Committee and board risk oversight; ORI4 by cyber/information security disclosures; ORI5 by internal control/control environment disclosures; ORI6 by Internal Audit; ORI7 by risk, compliance and AML/CFT disclosures. ORI3 is corrected to 0 because no explicit business-continuity or disaster-recovery disclosure was located; the continuity hits relate to succession planning and leadership continuity only. ORI8 remains 0 because no explicit incident-response, crisis-response, disruption-response, or recovery-plan disclosure was located; monitoring cyber security incidences was treated as monitoring evidence, not response-framework evidence. ORI vector [1,1,0,1,1,1,1,0]; score 75.0%."
Ecobank Ghana PLC,2020,verified,corrected,verified,corrected_and_verified,2026-08-30,Board independent directors corrected from 5 to 6; board independence corrected from 0.625 to 0.75,"Financial values are verified from the 2020 Bank columns in GHS thousands and normalized to absolute GHS: profit after tax 543,817,000; total assets 15,882,414,000; total liabilities 13,459,027,000; cash and balances with banks 3,813,114,000. Board composition is verified at 8 directors: independent non-executive chairman, five non-executive directors and two executive directors; report also states the chairman and all non-executive directors are independent as pertains to management. ORI3 is supported by explicit business continuity and disaster recovery plan wording. ORI4 is supported by Bank of Ghana Cyber and Information Security Directive and ISO27001 surveillance audit wording. ORI8 remains 0 because no explicit incident-response or crisis-response framework was located. ORI vector [1,1,1,1,1,1,1,0]; score 87.5%."
Ecobank Ghana PLC,2021,verified,verified,verified,verified_no_change,2026-08-30,No changes required,"Financial values are verified from the 2021 Bank columns in GHS thousands and normalized to absolute GHS: profit after tax 579,442,000; total assets 17,856,679,000; total liabilities 15,200,263,000; cash and balances with banks 2,870,571,000. Board composition is verified at 8 directors: independent non-executive chairman, five non-executive directors, four of whom are independent, and two executive directors; board independence is 5/8 = 0.625. ORI3 is supported by explicit business continuity and disaster recovery plan wording. ORI4 remains 0 because no explicit cyber or information-security control disclosure was located in the supplied evidence. ORI8 remains 0 because no explicit incident-response or crisis-response framework was located. ORI vector [1,1,1,0,1,1,1,0]; score 75.0%."
Ecobank Ghana PLC,2022,verified,corrected,verified,corrected_and_verified,2026-08-30,Board independent directors corrected from 5 to 4; board independence corrected from 0.7142857142857143 to 0.5714285714285714; evidence page added as 60.,"Financial values are verified from the 2022 Bank columns in GHS thousands and normalized to absolute GHS: loss after tax -33,545,000; total assets 25,774,085,000; total liabilities 23,113,457,000; cash and balances with banks 6,443,617,000. Board composition corrected/verified at 7 directors: independent non-executive chairman, four non-executive directors, three of whom are independent, and two executive directors; board independence is 4/7 = 0.5714285714285714. ORI3 is supported by explicit business continuity and disaster recovery plan wording. ORI8 is supported by explicit cyber and information security committee wording covering backup and recovery from cyber incidents and attacks, disaster events, and receiving quarterly and immediate reports about significant cyber and information security incidents. ORI vector [1,1,1,1,1,1,1,1]; score 100.0%."
Ecobank Ghana PLC,2023,verified,verified,verified,verified_no_change,2026-08-30,No dataset value changes required; supporting evidence value for board independence corrected from 0.75 to 0.625,"Financial values are verified from the 2023 Bank columns in GHS thousands and normalized to absolute GHS: profit after tax 619,479,000; total assets 33,520,636,000; total liabilities 29,916,955,000; cash and balances with banks 11,255,251,000. Board composition is verified at 8 directors: independent non-executive chairman, six non-executive directors, four of whom are independent, and one executive director; board independence is 5/8 = 0.625. ORI3 is supported by explicit business continuity and disaster recovery plan wording. ORI4 is supported by quarterly cyber security updates from the Chief Information Security Officer and cyber-security training. ORI8 remains 0 because no explicit incident-response, crisis-response, disruption-response, recovery-plan, or contingency-plan disclosure was located; cyber-security updates were treated as monitoring/oversight evidence, not incident-response framework evidence. ORI vector [1,1,1,1,1,1,1,0]; score 87.5%."
Ecobank Ghana PLC,2024,verified,verified,verified,verified_no_change,2026-08-30,No changes required,"Financial values are verified from the 2024 Bank columns in GHS thousands and normalized to absolute GHS: profit after tax 1,687,110,000; total assets 45,651,283,000; total liabilities 40,322,512,000; cash and cash equivalents 20,647,016,000. Board composition is verified at 6 directors: four independent non-executive directors, one non-executive director and one executive director; board independence is 4/6 = 0.6666666666666666. ORI1 is supported by operational risk management and lines-of-defence wording. ORI2 is supported by Board risk oversight and the Board Risk Committee. ORI4 is supported by cybersecurity disclosure. ORI5 is supported by internal control framework wording. ORI6 is supported by Internal Audit evidence. ORI7 is supported by compliance and anti-money laundering evidence. ORI3 remains 0 because no explicit business-continuity or disaster-recovery disclosure was located in the supplied extract. ORI8 remains 0 because no explicit incident-response, crisis-response, disruption-response, recovery-plan, or contingency-plan disclosure was located. ORI vector [1,1,0,1,1,1,1,0]; score 75.0%."
Ecobank Ghana PLC,2025,verified,verified,verified,verified_no_change,2026-08-30,No changes required,"Financial values are verified from the 2025 Bank columns in GHS thousands and normalized to absolute GHS: profit after tax 1,792,352,000; total assets 46,076,237,000; total liabilities 39,002,429,000; cash and cash equivalents 14,871,185,000. Board composition is verified at 7 directors: an independent non-executive interim chairman, three non-executive directors, two of whom are independent, and three executive directors; board independence is 3/7 = 0.4285714285714285. ORI3 is supported by explicit business continuity and disaster recovery work-plan wording. ORI8 is supported by explicit backup and recovery from cyber incidents and attacks, disaster events, and quarterly/immediate reporting of significant cyber and information-security incidents. ORI vector [1,1,1,1,1,1,1,1]; score 100.0%."
Fidelity Bank Ghana Limited,2020,verified,verified,verified,verified_no_change,2026-08-30,No dataset value changes required; board evidence excerpt/page added to generated board evidence output,"Financial values are verified from the 2020 Bank columns in GHS thousands and normalized to absolute GHS: profit after tax 252,097,000; total assets 9,250,849,000; total liabilities 8,250,425,000; cash and cash equivalents 1,439,323,000. Board composition is verified at 9 directors: one executive director, three independent non-executive directors and the remaining non-executive directors; board independence is 3/9 = 0.3333333333333333. ORI3 is supported by explicit disaster recovery procedures and business continuity planning wording. ORI8 is supported by explicit business continuity and crisis management wording, plus liquidity crisis management/contingency action plan language. ORI vector [1,1,1,1,1,1,1,1]; score 100.0%."
Fidelity Bank Ghana Limited,2021,verified,verified,verified,verified_no_change,2026-08-30,No changes required,"Financial values are verified from the 2021 Bank columns in GHS thousands and normalized to absolute GHS: profit after tax 341,520,000; total assets 13,349,840,000; total liabilities 12,107,900,000; cash and cash equivalents 2,767,433,000. Board composition is verified at 8 directors: one executive director, three independent non-executive directors and the remaining non-executive directors; board independence is 3/8 = 0.375. ORI3 is supported by explicit disaster recovery procedures and business continuity planning wording. ORI8 is supported by explicit liquidity crisis management and contingency action plan wording. ORI vector [1,1,1,1,1,1,1,1]; score 100.0%."
Fidelity Bank Ghana Limited,2022,verified,verified,verified,verified_no_change,2026-08-30,No changes required,"Financial values are verified from the 2022 Bank columns in GHS thousands and normalized to absolute GHS: loss after tax -388,585,000; total assets 13,785,897,000; total liabilities 13,129,520,000; cash and cash equivalents 3,421,897,000. Board composition is verified at 9 directors: one executive director, three independent non-executive directors and the remaining non-executive directors; board independence is 3/9 = 0.3333333333333333. ORI3 is supported by explicit disaster recovery procedures and business continuity planning wording. ORI8 is supported by explicit significant-incident reporting and liquidity crisis management/contingency action plan wording. ORI vector [1,1,1,1,1,1,1,1]; score 100.0%."
Fidelity Bank Ghana Limited,2023,verified,verified,verified,verified_no_change,2026-08-30,No changes required,"Financial values are verified from the 2023 Bank columns in GHS thousands and normalized to absolute GHS: profit after tax 750,825,000; total assets 17,220,009,000; total liabilities 15,779,550,000; cash and cash equivalents 5,208,765,000. Board composition is verified at 9 directors: one executive director, three independent non-executive directors and the remaining non-executive directors; board independence is 3/9 = 0.3333333333333333. ORI3 is supported by explicit disaster recovery procedures and business continuity planning wording. ORI8 is supported by explicit significant-incident reporting and liquidity crisis management/contingency action plan wording. ORI vector [1,1,1,1,1,1,1,1]; score 100.0%."
Fidelity Bank Ghana Limited,2024,verified,verified,verified,verified_no_change,2026-08-30,No changes required,"Financial values are verified from the 2024 Bank columns in GHS thousands and normalized to absolute GHS: profit after tax 772,159,000; total assets 22,114,072,000; total liabilities 20,043,098,000; cash and cash equivalents 9,849,312,000. Board composition is verified at 9 directors: one executive director, four independent non-executive directors and the remaining non-executive directors; board independence is 4/9 = 0.4444444444444444. ORI3 is supported by explicit disaster recovery procedures and business continuity planning wording. ORI8 is supported by explicit significant-incident reporting and liquidity crisis management/contingency action plan wording. ORI vector [1,1,1,1,1,1,1,1]; score 100.0%."
Fidelity Bank Ghana Limited,2025,verified,verified,verified,verified_no_change,2026-08-30,No changes required,"Financial values are verified from the 2025 Bank columns in GHS thousands and normalized to absolute GHS: profit after tax 916,822,000; total assets 25,982,029,000; total liabilities 23,212,276,000; cash and cash equivalents 8,380,689,000. Board composition is verified at 9 directors: one executive director, four independent non-executive directors and the remaining non-executive directors; board independence is 4/9 = 0.4444444444444444. ORI3 is supported by explicit disaster recovery procedures and business continuity planning wording. ORI8 is supported by explicit significant-incident reporting and liquidity crisis management/contingency action plan wording. ORI vector [1,1,1,1,1,1,1,1]; score 100.0%."
First Atlantic Bank PLC,2020,verified,verified,verified,corrected_and_verified,2026-08-30,ORI6 corrected from 0 to 1; ORI score corrected from 75.0 to 87.5,"Financial values are verified from the 2020 statement in absolute Ghana cedis: profit after tax 85,813,270; total assets 3,363,147,051; total liabilities 2,764,359,872; cash and balances with banks 771,158,318. Board composition is verified at 10 directors: one non-executive chairman, six non-executive directors and three executive directors; non-executive directors are expressly independent of management, so board independence is 7/10 = 0.7. ORI6 is corrected to 1 because Internal Audit undertakes regular and ad-hoc reviews of risk management controls and procedures, with results reported to the Committee. ORI3 remains 0 because no explicit business-continuity or disaster-recovery disclosure was located in the supplied extract. ORI8 remains 1 because backup and recovery from cyber incidents, attacks and disaster events is explicitly disclosed. ORI vector [1,1,0,1,1,1,1,1]; score 87.5%."
First Atlantic Bank PLC,2021,verified,verified,verified,verified_no_change,2026-08-30,No changes required,"Financial values are verified from the 2021 statement in absolute Ghana cedis: profit after tax 116,357,745; total assets 4,675,000,735; total liabilities 3,959,855,811; cash and balances with banks 961,688,658. Board composition is verified at 10 directors: one non-executive chairman, six non-executive directors and three executive directors; non-executive directors are expressly independent of management, so board independence is 7/10 = 0.7. ORI6 is supported by Internal Audit reviews with summaries submitted to the Audit Committee and senior management. ORI3 remains 0 because no explicit business-continuity or disaster-recovery disclosure was located in the supplied extract. The extract includes contingency plans and BCMS 22301 wording, but it does not spell out business continuity or disaster recovery, so strict ORI3 coding remains unchanged. ORI8 remains 1 because backup and recovery from cyber incidents, attacks and disaster events is explicitly disclosed. ORI vector [1,1,0,1,1,1,1,1]; score 87.5%."
First Atlantic Bank PLC,2022,verified,verified,verified,verified_no_change,2026-08-30,No changes required,"Financial values are verified from the 2022 statement in absolute Ghana cedis: loss after tax -157,448; total assets 7,428,291,414; total liabilities 6,459,037,750; cash and balances with banks 1,990,143,317. Board composition is verified at 10 directors: one non-executive chairman, six non-executive directors and three executive directors; non-executive directors are expressly independent of management, so board independence is 7/10 = 0.7. ORI3 is supported by explicit infrastructure-for-business-continuity wording in the MD/CEO statement. ORI8 is supported by explicit backup and recovery from cyber incidents, attacks and disaster events. ORI vector [1,1,1,1,1,1,1,1]; score 100.0%."
First Atlantic Bank PLC,2023,verified,verified,verified,corrected_and_verified,2026-08-30,Board total corrected from 9 to 10; board independence corrected from 0.4444444444444444 to 0.4,"Financial values are verified from the 2023 statement in absolute Ghana cedis: profit after tax 290,901,439; total assets 10,466,259,078; total liabilities 9,206,103,975; cash and balances with banks 3,226,880,613. Board composition is corrected to 10 directors: four explicitly independent directors, three other non-executive directors and three executive directors; no director resignations or retirements occurred during the year, so board independence is 4/10 = 0.4. ORI3 remains 0 because no explicit business-continuity or disaster-recovery disclosure was located in the supplied extract; succession-planning continuity is not coded as business continuity. ORI8 remains 1 because backup and recovery from cyber incidents, attacks and disaster events is explicitly disclosed. ORI vector [1,1,0,1,1,1,1,1]; score 87.5%."
First Atlantic Bank PLC,2024,verified,source_limited,source_limited,verified_source_limited,2026-08-30,No dataset value changes required,"The supplied 2024 evidence file is an unaudited summary for the period ended 31 March 2024, not a year-end annual report extract. The dataset therefore retains the audited 2024 financial values recovered from the 2025 annual report comparative Bank column: profit after tax 336,678,528; total assets 13,323,324,552; total liabilities 11,726,490,921; cash and balances with banks 4,600,045,233. The March 2024 summary cannot support year-end board composition or complete ORI coding, so board and ORI fields remain source-limited/blank."
First Atlantic Bank PLC,2025,verified,verified,verified,corrected_and_verified,2026-08-30,Board total corrected from 6 to 9; board independence corrected from 0.6666666666666666 to 0.4444444444444444,"Financial values are verified from the 2025 Bank columns in absolute Ghana cedis: profit after tax 483,606,994; total assets 19,191,093,231; total liabilities 16,983,459,130; cash and balances with banks 8,098,376,365. Board composition is corrected to 9 directors: an independent chairman plus eight members, comprising three non-executive directors, three independent directors and two executive directors; board independence is 4/9 = 0.4444444444444444. ORI3 is supported by explicit business continuity planning and DR-test wording. ORI8 is supported by explicit cyber crisis preparedness, incident response plans, disaster recovery capabilities and reporting of operational risk events. ORI vector [1,1,1,1,1,1,1,1]; score 100.0%."
GCB Bank PLC,2020,verified,verified,verified,verified_no_change,2026-09-02,,"Four core financial values independently matched to the report statement pages: total_assets p.54; total_liabilities p.54; cash_and_cash_equivalents p.20; profit_after_tax p.52. Year-end board composition verified on PDF p.38: 12 directors, 3 independent; ratio 0.250000. ORI1 p.109; ORI2 p.45 and p.90; ORI3 not located; ORI4 p.40; ORI5 p.33; ORI6 p.40 and p.45; ORI7 p.40; ORI8 not located. ORI vector [1,1,0,1,1,1,1,0]; score 75.0%. Negative ORI codes were retained only where no explicit qualifying disclosure was located after full-report search."
GCB Bank PLC,2021,verified,verified,verified,verified_no_change,2026-09-02,,"Four core financial values independently matched to the report statement pages: total_assets p.61; total_liabilities p.61; cash_and_cash_equivalents p.22; profit_after_tax p.59. Year-end board composition verified on PDF p.45: 12 directors, 3 independent; ratio 0.250000. ORI1 p.118; ORI2 p.97; ORI3 not located; ORI4 p.48; ORI5 p.53 and p.118; ORI6 p.47 and p.98; ORI7 p.119; ORI8 not located. ORI vector [1,1,0,1,1,1,1,0]; score 75.0%. Negative ORI codes were retained only where no explicit qualifying disclosure was located after full-report search."
GCB Bank PLC,2022,verified,verified,verified,verified_no_change,2026-09-02,,"Four core financial values independently matched to the report statement pages: total_assets p.74; total_liabilities p.74; cash_and_cash_equivalents p.23; profit_after_tax p.72. Year-end board composition verified on PDF p.49: 13 directors, 3 independent; ratio 0.230769. ORI1 p.133; ORI2 p.111; ORI3 p.34; ORI4 p.55; ORI5 p.63; ORI6 p.63; ORI7 p.133; ORI8 p.31. ORI vector [1,1,1,1,1,1,1,1]; score 100.0%. Negative ORI codes were retained only where no explicit qualifying disclosure was located after full-report search."
GCB Bank PLC,2023,verified,verified,verified,verified_no_change,2026-09-02,,"Four core financial values independently matched to the report statement pages: total_assets p.77; total_liabilities p.77; cash_and_cash_equivalents p.22; profit_after_tax p.75. Year-end board composition verified on PDF p.52: 12 directors, 3 independent; ratio 0.250000. ORI1 p.138; ORI2 p.116; ORI3 p.56; ORI4 p.56; ORI5 p.65; ORI6 p.65; ORI7 p.139; ORI8 p.34. ORI vector [1,1,1,1,1,1,1,1]; score 100.0%. Negative ORI codes were retained only where no explicit qualifying disclosure was located after full-report search."
GCB Bank PLC,2024,verified,verified,verified,verified_no_change,2026-09-02,,"Four core financial values independently matched to the report statement pages: total_assets p.90; total_liabilities p.90; cash_and_cash_equivalents p.32; profit_after_tax p.88. Year-end board composition verified on PDF p.63: 12 directors, 3 independent; ratio 0.250000. ORI1 p.153; ORI2 p.128; ORI3 p.66; ORI4 p.65; ORI5 p.77; ORI6 p.78; ORI7 p.153; ORI8 not located. ORI vector [1,1,1,1,1,1,1,0]; score 87.5%. Negative ORI codes were retained only where no explicit qualifying disclosure was located after full-report search."
GCB Bank PLC,2025,verified,verified,verified,verified_no_change,2026-09-02,,"Four core financial values independently matched to the report statement pages: total_assets p.88; total_liabilities p.88; cash_and_cash_equivalents p.88; profit_after_tax p.86. Year-end board composition verified on PDF p.59: 12 directors, 5 independent; ratio 0.416667. ORI1 p.147; ORI2 p.122; ORI3 p.66 and p.194; ORI4 p.65; ORI5 p.75; ORI6 p.76; ORI7 p.147; ORI8 not located. ORI vector [1,1,1,1,1,1,1,0]; score 87.5%. Negative ORI codes were retained only where no explicit qualifying disclosure was located after full-report search."
Guaranty Trust Bank (Ghana) Limited,2020,verified,verified,verified,corrected_and_verified,2026-08-30,ORI1 corrected from 0 to 1; ORI8 corrected from 0 to 1; ORI score corrected from 50.0 to 75.0,"Financial values are verified from the 2020 statement in absolute Ghana cedis: profit after tax 269,330,806; total assets 4,081,089,298; total liabilities 3,073,669,055; cash and cash equivalents 598,072,669. Board composition is verified at 7 directors and 4 independent directors, so board independence is 4/7 = 0.5714285714285714. ORI1 is corrected to 1 because the capital adequacy note discloses Total Operational Risk Equivalent Weighted Asset. ORI8 is corrected to 1 because the Board Risk Committee reviews and recommends the contingency plan for specific risks. ORI3 remains 0 because no explicit business-continuity or disaster-recovery disclosure was located. ORI4 remains 0 because no bank-level cyber, information-security or technology-risk disclosure was located. ORI vector [1,1,0,0,1,1,1,1]; score 75.0%."
Guaranty Trust Bank (Ghana) Limited,2021,verified,verified,verified,corrected_and_verified,2026-08-30,ORI4 corrected from 1 to 0; ORI8 corrected from 0 to 1; ORI score unchanged at 75.0,"Financial values are verified from the 2021 statement in absolute Ghana cedis: profit after tax 315,446,092; total assets 5,035,451,469; total liabilities 3,814,973,130; cash and cash equivalents 894,166,791. Board composition is verified at 7 directors and 4 independent directors, so board independence is 4/7 = 0.5714285714285714. ORI8 is corrected to 1 because the Board Risk Committee reviews and recommends the contingency plan for specific risks. ORI4 is corrected to 0 because the Cyber and Information Security Directive wording appears in a director biography, not as a bank-level cyber/IT risk disclosure. ORI3 remains 0 because no explicit business-continuity or disaster-recovery disclosure was located. ORI vector [1,1,0,0,1,1,1,1]; score 75.0%."
Guaranty Trust Bank (Ghana) Limited,2022,verified,verified,verified,corrected_and_verified,2026-08-30,ORI3 corrected from 0 to 1; ORI8 corrected from 0 to 1; ORI score corrected from 75.0 to 100.0,"Financial values are verified from the 2022 statement in absolute Ghana cedis: profit after tax 114,981,416; total assets 7,132,786,508; total liabilities 5,797,163,070; cash and cash equivalents 1,779,275,749. Board composition is verified at 6 directors and 4 independent directors, so board independence is 4/6 = 0.6666666666666666. ORI3 is corrected to 1 because the report explicitly mentions Business Continuity training and says the GDDE accounting treatment would not adversely affect the Bank's capital adequacy and business continuity. ORI8 is corrected to 1 because the Board Risk Committee reviews and recommends the contingency plan for specific risks. ORI4 remains 1 because the report includes cyber security customer training evidence. ORI vector [1,1,1,1,1,1,1,1]; score 100.0%."
Guaranty Trust Bank (Ghana) Limited,2023,verified,verified,verified,corrected_and_verified,2026-08-30,ORI3 corrected from 0 to 1; ORI8 corrected from 0 to 1; ORI score corrected from 75.0 to 100.0,"Financial values are verified from the 2023 statement in absolute Ghana cedis: profit after tax 725,786,449; total assets 11,224,352,893; total liabilities 9,161,717,746; cash and cash equivalents 3,094,740,459. Board composition is verified at 6 directors and 4 independent directors, so board independence is 4/6 = 0.6666666666666666. ORI3 is corrected to 1 because the Audit Committee report explicitly says the GDDE accounting treatment and credit losses taken would not adversely affect the Bank's capital adequacy and business continuity. ORI8 is corrected to 1 because the Board Risk Committee reviews and recommends the contingency plan for specific risks. ORI4 remains 1 because the report discloses a Board Cyber and Information Security Committee with cyber/information-security oversight. ORI vector [1,1,1,1,1,1,1,1]; score 100.0%."
Guaranty Trust Bank (Ghana) Limited,2024,verified,verified,verified,corrected_and_verified,2026-08-30,ORI8 corrected from 0 to 1; ORI score corrected from 87.5 to 100.0,"Financial values are verified from the 2024 statement in absolute Ghana cedis: profit after tax 744,022,337; total assets 15,366,150,436; total liabilities 12,872,304,232; cash and cash equivalents 5,660,310,341. Board composition is verified at 6 directors and 4 independent directors, so board independence is 4/6 = 0.6666666666666666. ORI3 remains 1 because the report lists Business Continuity & Disaster Recovery Plan evidence. ORI8 is corrected to 1 because the Board Risk Committee reviews and recommends the contingency plan for specific risks, and the operational-risk note lists development of contingency plans. ORI vector [1,1,1,1,1,1,1,1]; score 100.0%."
Guaranty Trust Bank (Ghana) Limited,2025,verified,verified,verified,corrected_and_verified,2026-08-30,ORI3 corrected from 0 to 1; ORI8 corrected from 0 to 1; ORI score corrected from 75.0 to 100.0,"Financial values are verified from the 2025 statement in absolute Ghana cedis: profit after tax 1,012,223,200; total assets 21,201,620,254; total liabilities 18,160,388,852; cash and cash equivalents 9,545,852,878. Board composition is verified at 6 directors and 3 explicitly independent directors, so board independence is 3/6 = 0.5. ORI3 is corrected to 1 because the report lists Business Continuity & Disaster Recovery Plan evidence and includes business-continuity/ISO 22301 senior-management expertise. ORI8 is corrected to 1 because the Board Risk Committee reviews and recommends the contingency plan for specific risks, and the operational-risk note lists development of contingency plans. ORI vector [1,1,1,1,1,1,1,1]; score 100.0%."
Republic Bank (Ghana) PLC,2020,verified,verified,verified,verified_no_change,2026-08-30,No changes required,"Financial values are verified from the 2020 Bank columns in GHS thousands and normalized to absolute GHS: profit after tax 51,624,000; total assets 3,647,785,000; total liabilities 3,039,551,000; cash and cash equivalents 906,641,000. Board composition is verified at 9 directors: one non-executive chairman, seven other non-executive directors and one managing director; the non-executive directors are expressly independent of management, so board independence is 8/9 = 0.8888888888888888. ORI3 remains 0 because no explicit business-continuity or disaster-recovery disclosure was located. ORI8 remains 0 because no explicit crisis-management, incident-response, disruption-response or contingency-plan disclosure was located. ORI vector [1,1,0,1,1,1,1,0]; score 75.0%."
Republic Bank (Ghana) PLC,2021,verified,verified,verified,corrected_and_verified,2026-08-30,Board total corrected from 9 to 8; independent directors corrected from 8 to 7; board independence corrected from 0.8888888888888888 to 0.875; ORI1 corrected from 0 to 1; ORI score corrected from 62.5 to 75.0,"Financial values are verified from the 2021 Bank columns in GHS thousands and normalized to absolute GHS: profit after tax 81,698,000; total assets 4,226,259,000; total liabilities 3,536,327,000; cash and cash equivalents 946,055,000. Board composition is corrected to year-end active composition after excluding Mr. David Dulal-Whiteway, who resigned in February 2021: one non-executive chairman, six other non-executive directors and one managing director; the non-executive directors are expressly independent of management, so board independence is 7/8 = 0.875. ORI1 is corrected to 1 because the financial risk-management note explicitly discusses operational risk. ORI3 remains 0 because no explicit business-continuity or disaster-recovery disclosure was located. ORI8 remains 0 because no explicit crisis-management, incident-response, disruption-response or contingency-plan disclosure was located. ORI vector [1,1,0,1,1,1,1,0]; score 75.0%."
Republic Bank (Ghana) PLC,2022,verified,verified,verified,corrected_and_verified,2026-08-30,ORI1 corrected from 0 to 1; ORI score corrected from 62.5 to 75.0,"Financial values are verified from the 2022 Bank columns in GHS thousands and normalized to absolute GHS: loss after tax -66,837,000; total assets 5,080,292,000; total liabilities 4,418,768,000; cash and cash equivalents 1,759,927,000. Board composition is verified at 9 directors after the December 2022 appointment: one non-executive chairman, seven other non-executive directors and one managing director; the non-executive directors are expressly independent of management, so board independence is 8/9 = 0.8888888888888888. ORI1 is corrected to 1 because the financial risk-management note explicitly discusses operational risk and the risk-management framework. ORI3 remains 0 because no explicit business-continuity or disaster-recovery disclosure was located; general resilience/recoverability wording was not treated as ORI3 evidence. ORI8 remains 0 because no explicit crisis-management, incident-response, disruption-response or contingency-plan disclosure was located. ORI vector [1,1,0,1,1,1,1,0]; score 75.0%."
Republic Bank (Ghana) PLC,2023,verified,verified,verified,verified_no_change,2026-08-30,No dataset value changes required,"Financial values are verified from the 2023 Bank columns in GHS thousands and normalized to absolute GHS: profit after tax 130,404,000; total assets 6,952,222,000; total liabilities 6,160,294,000; cash and cash equivalents 2,985,556,000. Board composition is verified at 9 directors: one non-executive chairman, seven other non-executive directors and one managing director; the non-executive directors are expressly independent of management, so board independence is 8/9 = 0.8888888888888888. ORI3 remains 1 because the report explicitly states that completed ISO27001/ISO22301/PCI DSS certification will enhance governance, embedded security and business continuity in business operations. ORI4 is supported by the bank-level Cyber & Information Security Committee report. ORI8 remains 0 because no explicit crisis-management, disruption-response, contingency-plan or formal incident-response framework disclosure was located. ORI vector [1,1,1,1,1,1,1,0]; score 87.5%."
Republic Bank (Ghana) PLC,2024,verified,verified,verified,corrected_and_verified,2026-08-30,ORI3 corrected from 0 to 1; ORI score corrected from 87.5 to 100.0,"Financial values are verified from the 2024 Bank columns in GHS thousands and normalized to absolute GHS: profit after tax 187,702,000; total assets 9,544,596,000; total liabilities 8,564,966,000; cash and cash equivalents 4,470,741,000. Board composition is verified at 8 directors after the retirement/exit of four directors and appointment of three independent non-executive directors; board independence is 3/8 = 0.375. ORI3 is corrected to 1 because the Cyber & Information Security Committee report explicitly says two disaster recovery tests were successfully performed. ORI8 remains 1 because the report discloses enhanced threat detection/response capabilities and incident-response capabilities. ORI vector [1,1,1,1,1,1,1,1]; score 100.0%."
Republic Bank (Ghana) PLC,2025,verified,verified,verified,corrected_and_verified,2026-08-30,ORI8 corrected from 0 to 1; ORI score corrected from 87.5 to 100.0,"Financial values are verified from the 2025 Bank columns in GHS thousands and normalized to absolute GHS: profit after tax 254,590,000; total assets 12,265,013,000; total liabilities 11,030,793,000; cash and cash equivalents 6,033,188,000. Board composition is verified at 8 directors: an independent non-executive chairman, one managing director, three independent non-executive directors and three non-executive directors; board independence is 4/8 = 0.5. ORI3 remains 1 because the Cyber, Information Security & Technology Committee report explicitly references ongoing disaster recovery testing. ORI8 is corrected to 1 because the report states that the 24/7 Security Operations Centre provides real-time threat detection and enables the Bank to rapidly identify and respond to incidents across all banking channels. ORI vector [1,1,1,1,1,1,1,1]; score 100.0%."
Societe Generale Ghana PLC,2020,verified,verified,verified,verified_no_change,2026-08-30,No dataset value changes required,"Financial values are verified from the 2020 statement in absolute Ghana cedis: profit after tax 154,208,915; total assets 5,115,206,352; total liabilities 4,189,611,463; cash and cash equivalents 1,561,983,616. Board composition is verified at 8 directors as at 31 December 2020; independent directors are the independent non-executive chair and Martine Hitti, while Francis Awua-Kyerematen is excluded from the year-end count because Bank of Ghana approval was granted on 23 February 2021. Board independence is 2/8 = 0.25. ORI3 remains 1 because the operational-risk note explicitly states that the Bank adopted Group BCP policy/methodology, reviewed Business Continuity Planning and Operational Risk processes, and introduces, maintains and tests the BCP and crisis management system. ORI vector [1,1,1,1,1,1,1,1]; score 100.0%."
Societe Generale Ghana PLC,2021,verified,verified,verified,verified_no_change,2026-08-30,No dataset value changes required,"Financial values are verified from the 2021 statement in absolute Ghana cedis: profit after tax 184,329,633; total assets 5,437,022,119; total liabilities 4,408,456,782; cash and cash equivalents 963,960,922. Board composition is verified at 9 active year-end directors after excluding Martine Hitti, who resigned in February 2021, and Yvon Puyou, whose appointment date is 24 January 2022. Independent directors are the independent non-executive chair, Francis Awua-Kyerematen and Juliana Asante; board independence is 3/9 = 0.3333333333333333. ORI3 remains 1 because the report explicitly says Business Continuity Activities focused on continuity of the Bank's business, User Recovery Sites, and Business Impact Analysis for recovery in crisis or disaster. ORI vector [1,1,1,1,1,1,1,1]; score 100.0%."
Societe Generale Ghana PLC,2022,verified,verified,verified,verified_no_change,2026-08-30,No dataset value changes required,"Financial values are verified from the 2022 statement in absolute Ghana cedis: profit after tax 108,839,926; total assets 6,595,836,103; total liabilities 5,507,198,278; cash and cash equivalents 1,950,873,066. Board composition is verified at 12 directors as at 31 December 2022 with four independent non-executive directors; board independence is 4/12 = 0.3333333333333333. ORI3 remains 1 because Crisis Management and Business Continuity Plans are explicitly disclosed, including predetermined actions for potentially disruptive incidents, continued BCP strategy testing, Business Impact Analysis, and IT-application recovery in the event of crisis or disaster. ORI vector [1,1,1,1,1,1,1,1]; score 100.0%."
Societe Generale Ghana PLC,2023,verified,verified,verified,verified_no_change,2026-08-30,No dataset value changes required,"Financial values are verified from the 2023 statement in absolute Ghana cedis: profit after tax 424,802,981; total assets 8,529,826,553; total liabilities 7,016,823,673; cash and cash equivalents 2,131,699,314. Board composition is verified at 12 active year-end directors after excluding Agnes Tauty Giraldi, who resigned on 29 June 2023; independent directors are Margaret Boateng Sekyere, Francis Awua-Kyerematen, Juliana Asante and Peggy Dzodzomenyo, so board independence is 4/12 = 0.3333333333333333. ORI3 remains 1 because the report explicitly says the Bank had a resilient Crisis Management and Business Continuity Plan that was continuously tested during the year, with Business Impact Analysis identifying vital functions and sensitive IT applications for crisis scenarios. ORI vector [1,1,1,1,1,1,1,1]; score 100.0%."
Societe Generale Ghana PLC,2024,verified,verified,verified,verified_no_change,2026-08-30,No dataset value changes required,"Financial values are verified from the 2024 statement in absolute Ghana cedis: profit after tax 551,299,247; total assets 10,396,290,693; total liabilities 7,950,408,770; cash and cash equivalents 3,579,482,591. Board composition is verified at 11 active year-end directors after excluding Georges Wega, who resigned on 5 August 2024; independent directors are Margaret Boateng Sekyere, Francis Awua-Kyerematen, Juliana Asante and Peggy Dzodzomenyo, so board independence is 4/11 = 0.3636363636363636. ORI3 remains 1 because the report explicitly says the Bank's Crisis Management and Business Continuity Plan was further tested in 2024 through simulations and that Business Impact Analysis identified critical functions and IT applications for emergencies. ORI vector [1,1,1,1,1,1,1,1]; score 100.0%."
Societe Generale Ghana PLC,2025,verified,verified,verified,verified_no_change,2026-08-30,No dataset value changes required,"Financial values are verified from the 2025 statement in absolute Ghana cedis: profit after tax 397,001,300; total assets 9,676,100,447; total liabilities 7,074,325,288; cash and cash equivalents 2,676,280,210. Board composition is verified from the explicit year-end statement at 11 directors with four independent non-executive directors, so board independence is 4/11 = 0.3636363636363636. ORI3 remains 1 because the report explicitly says the Bank further tested Business Continuity and Crisis Management preparedness through scenario-based exercises and reviews of critical processes, and updated Business Impact Analysis to keep critical functions and applications protected against disruptions. ORI vector [1,1,1,1,1,1,1,1]; score 100.0%."
Stanbic Bank Ghana Limited,2020,verified,verified,verified,corrected_and_verified,2026-08-29,Genuine Stanbic Ghana 2020 annual report recovered; row changed from wrong-source excluded to complete; ORI score set to 100.0,"Financial values are verified from the 2020 statements in GHS'000 and normalized to absolute GHS: profit for the year 326,055,000; cash and cash equivalents 4,024,397,000; total assets 12,742,132,000; total liabilities 11,062,088,000. Board composition is verified at 8 directors and 5 independent non-executive directors. ORI1 p. 62; ORI2 p. 8; ORI3 p. 4; ORI4 p. 4; ORI5 p. 4; ORI6 p. 51; ORI7 p. 14 and p. 51; ORI8 p. 59. ORI vector [1,1,1,1,1,1,1,1]; score 100.0%."
Stanbic Bank Ghana Limited,2021,verified,verified,verified,corrected_and_verified,2026-08-29,Genuine Stanbic Ghana 2021 annual report recovered; row changed from wrong-source excluded to complete; ORI score set to 100.0,"Financial values are verified from the 2021 statements in GHS'000 and normalized to absolute GHS: profit for the year 405,190,000; cash and cash equivalents 3,316,768,000; total assets 14,043,097,000; total liabilities 12,090,296,000. Board composition is verified at 7 directors and 4 independent non-executive directors. ORI1 p. 62; ORI2 p. 7; ORI3 p. 4 and p. 62; ORI4 p. 9; ORI5 p. 51; ORI6 p. 4; ORI7 p. 13 and p. 51; ORI8 p. 59. ORI vector [1,1,1,1,1,1,1,1]; score 100.0%."
Stanbic Bank Ghana Limited,2022,verified,verified,verified,corrected_and_verified,2026-08-29,Genuine Stanbic Ghana 2022 annual report recovered; row changed from wrong-source excluded to complete; ORI score set to 100.0,"Financial values are verified from the 2022 statements in GHS'000 and normalized to absolute GHS: loss for the year 62,595,000; cash and cash equivalents 8,592,750,000; total assets 18,597,451,000; total liabilities 16,889,659,000. Board composition is verified at 9 directors and 5 independent non-executive directors. ORI1 p. 63; ORI2 p. 7; ORI3 p. 5 and p. 63; ORI4 p. 5; ORI5 p. 5; ORI6 p. 11; ORI7 p. 16; ORI8 p. 60. ORI vector [1,1,1,1,1,1,1,1]; score 100.0%."
Stanbic Bank Ghana Limited,2023,verified,verified,verified,corrected_and_verified,2026-08-29,ORI1 corrected from 0 to 1; ORI score corrected from 75.0 to 87.5,ORI3 retained at 0: no explicit business-continuity or disaster-recovery disclosure; Integrated Recovery Plan appears only as an unexplained agenda label. ORI7 confirmed by explicit financial-crime controls and AML/CFT disclosure.
Stanbic Bank Ghana Limited,2024,verified,verified,verified,corrected_and_verified,2026-08-29,ORI8 corrected from 0 to 1; ORI score corrected from 75.0 to 87.5,"Financial values match the 2024 statements. Year-end board comprises 8 directors: 5 independent non-executive, 2 other non-executive and 1 executive. ORI3 retained at 0 because no explicit business-continuity or disaster-recovery arrangement is disclosed; p. 128 explicitly supports ORI8 through a liquidity contingency plan and crisis-response strategy."
Stanbic Bank Ghana Limited,2025,verified,verified,verified,verified,2026-08-29,,"Financial values and year-end board composition of 8 directors (5 independent) are verified. All eight ORI items are explicitly supported: ORI7 p. 8; ORI3 and ORI4 p. 10; ORI2 p. 36; ORI5 and ORI6 p. 37; ORI8 p. 123; ORI1 p. 129. ORI vector [1,1,1,1,1,1,1,1]; score 100.0%."
Standard Chartered Bank Ghana PLC,2020,verified,verified,verified,verified_no_change,2026-08-30,No dataset value changes required,"Financial values are verified from the 2020 statement in GHS thousands and normalized to absolute GHS: profit after tax 478,296,000; total assets 8,031,674,000; total liabilities 6,564,870,000; cash and cash equivalents 2,724,718,000. Board composition is verified at 9 directors from the corporate information roster; three directors are explicitly labelled Independent Non-Executive Director, so board independence is 3/9 = 0.3333333333333333. ORI3 remains 1 because the Chairman's statement explicitly says management and colleagues showed commitment to ensure business continuity during the pandemic. ORI8 remains 1 because the liquidity risk note states that contingency plans are in place for any liquidity crisis and that the Bank has a liquidity crisis management committee. ORI vector [1,1,1,1,1,1,1,1]; score 100.0%."
Standard Chartered Bank Ghana PLC,2021,verified,verified,verified,verified_no_change,2026-08-30,No dataset value changes required,"Financial values are verified from the 2021 statement in GHS thousands and normalized to absolute GHS: profit after tax 436,934,000; total assets 10,120,576,000; total liabilities 8,477,294,000; cash and cash equivalents 3,203,097,000. Board composition is verified from the approval-date statement at 7 directors, two executive directors and five non-executive directors, out of which 4 are independent; board independence is 4/7 = 0.5714285714285714. ORI3 remains 1 because the Board Cyber and Information Security Committee report states that adequate business resilience arrangements for disaster recovery and business continuity are in place. ORI8 remains 1 because the liquidity risk note states that contingency plans are in place for any liquidity crisis and that the Bank has a liquidity crisis management committee. ORI vector [1,1,1,1,1,1,1,1]; score 100.0%."
Standard Chartered Bank Ghana PLC,2022,verified,verified,verified,verified_no_change,2026-08-30,No dataset value changes required,"Financial values are verified from the 2022 Bank columns in GHS thousands and normalized to absolute GHS: loss after tax -299,634,000; total assets 10,367,004,000; total liabilities 9,039,646,000; cash and cash equivalents 3,978,479,000. The dataset correctly uses Bank-column values rather than Group-column values. Board composition is verified from the approval-date statement at 7 directors, three executive directors and four non-executive directors, out of which 3 are independent; board independence is 3/7 = 0.4285714285714285. ORI3 remains 1 because the Board Cyber and Information Security Risk Committee reviewed work plans for cyber and information security, business continuity and disaster recovery, and recommended them to the Board for approval. ORI8 remains 1 because the committee received reports from the Crisis Management Group. ORI vector [1,1,1,1,1,1,1,1]; score 100.0%."
Standard Chartered Bank Ghana PLC,2023,verified,verified,verified,verified_no_change,2026-08-30,No dataset value changes required,"Financial values are verified from the 2023 Bank columns in GHS thousands and normalized to absolute GHS: profit after tax 864,391,000; total assets 13,920,755,000; total liabilities 11,995,962,000; cash and cash equivalents 4,309,599,000. Board composition is retained from the approval-date statement at 9 directors, four executive directors and five non-executive directors, out of which 3 are independent; board independence is 3/9 = 0.3333333333333333. ORI3 remains 1 because the Board Cyber and Information Security Risk Committee reviewed work plans for cyber and information security, business continuity and disaster recovery and recommended them to the Board for approval. ORI8 remains 1 because the committee reviewed the Bank's cyber security breach response and crisis management plan and received reports from the Crisis Management Group. ORI vector [1,1,1,1,1,1,1,1]; score 100.0%."
Standard Chartered Bank Ghana PLC,2024,verified,verified,verified,verified_no_change,2026-08-30,No dataset value changes required,"Financial values are verified from the 2024 statement in GHS thousands and normalized to absolute GHS: profit after tax 708,385,000; total assets 14,300,301,000; total liabilities 12,262,150,000; cash and cash equivalents 4,593,873,000. Board composition is verified from the approval-date statement at 9 directors, four executive directors and five non-executive directors, out of which 4 are independent; board independence is 4/9 = 0.4444444444444444. ORI3 remains 1 because the Board Cyber and Information Security Risk and Payment Systems Committee report states that adequate business resilience arrangements for disaster recovery and business continuity are in place. ORI8 remains 1 because the committee received reports from the Crisis Management Group. ORI vector [1,1,1,1,1,1,1,1]; score 100.0%."
Standard Chartered Bank Ghana PLC,2025,verified,verified,verified,verified_no_change,2026-08-30,No dataset value changes required,"Financial values are verified from the 2025 Bank columns in GHS thousands and normalized to absolute GHS: profit after tax 798,681,000; total assets 16,502,639,000; total liabilities 13,692,818,000; cash and cash equivalents 6,106,101,000. Board composition is verified from the approval-date statement at 9 directors, four executive directors and five non-executive directors, out of which 4 are independent; board independence is 4/9 = 0.4444444444444444. ORI3 remains 1 because the Board Cyber, Information Security & Payment Systems Committee reviewed and recommended the refreshed Business Continuity Plan for Board approval and received reports on business continuity and cyber crisis simulation exercises. ORI8 remains 1 because the committee reviewed cyber incident management, crisis management preparedness, simulation exercises and lessons from real incidents. ORI vector [1,1,1,1,1,1,1,1]; score 100.0%."
United Bank for Africa (UBA Ghana) Limited,2020,verified,corrected,verified,corrected_and_verified,2026-09-02,Independent-director count corrected from 7 to 6; board independence corrected from 0.583333 to 0.500000.,"Four core financial values independently matched to the report statement pages: total_assets p.63; total_liabilities p.63; cash_and_cash_equivalents p.63; profit_after_tax p.62. Year-end board composition verified on PDF p.45: 12 directors, 6 independent; ratio 0.500000. ORI1 p.105; ORI2 p.45 and p.80; ORI3 p.54-55; ORI4 p.49; ORI5 p.27; ORI6 p.27; ORI7 p.50; ORI8 p.54. ORI vector [1,1,1,1,1,1,1,1]; score 100.0%. Negative ORI codes were retained only where no explicit qualifying disclosure was located after full-report search."
United Bank for Africa (UBA Ghana) Limited,2021,verified,verified,verified,corrected_and_verified,2026-08-29,Recovered genuine UBA Ghana 2021 annual report; row changed from source-limited comparative-only to complete; ORI3 corrected to 1; ORI score set to 100.0,"Financial values are verified from the 2021 statement pages: profit for the year 141,764,737 (p.70); cash and bank balances 1,040,251,267, total assets 5,373,199,867 and total liabilities 4,240,518,624 (p.71). Board composition is verified on p.51 at 12 directors, 6 independent directors, 4 non-executive directors and 2 executive directors. ORI1 p.113; ORI2 p.51; ORI3 p.62 explicit Business Continuity Management and Business Recovery Plan; ORI4 p.52 and p.62; ORI5 p.33 and p.53; ORI6 p.33 and p.54; ORI7 p.44 and p.51; ORI8 p.62 crisis management and business recovery. ORI vector [1,1,1,1,1,1,1,1]; score 100.0%."
United Bank for Africa (UBA Ghana) Limited,2022,verified,verified,verified,verified_no_change,2026-09-02,,"Four core financial values independently matched to the report statement pages: total_assets p.68; total_liabilities p.68; cash_and_cash_equivalents p.68; profit_after_tax p.67. Year-end board composition verified on PDF p.47: 10 directors, 5 independent; ratio 0.500000. ORI1 p.111; ORI2 p.47 and p.87; ORI3 p.58-59; ORI4 p.52; ORI5 p.33; ORI6 p.33 and p.55; ORI7 p.54; ORI8 p.58. ORI vector [1,1,1,1,1,1,1,1]; score 100.0%. Negative ORI codes were retained only where no explicit qualifying disclosure was located after full-report search."
United Bank for Africa (UBA Ghana) Limited,2023,verified,verified,verified,verified_no_change,2026-09-02,,"Four core financial values independently matched to the report statement pages: total_assets p.70; total_liabilities p.70; cash_and_cash_equivalents p.70; profit_after_tax p.69. Year-end board composition verified on PDF p.50: 10 directors, 5 independent; ratio 0.500000. ORI1 p.112; ORI2 p.50 and p.88; ORI3 not located; ORI4 p.55; ORI5 p.34 and p.62; ORI6 p.62; ORI7 p.59; ORI8 not located. ORI vector [1,1,0,1,1,1,1,0]; score 75.0%. Negative ORI codes were retained only where no explicit qualifying disclosure was located after full-report search."
United Bank for Africa (UBA Ghana) Limited,2024,verified,verified,verified,corrected_and_verified,2026-08-29,ORI8 corrected from 0 to 1; ORI score corrected from 75.0 to 87.5,"Financial values are verified from the 2024 statement pages: profit for the year 164,312,480; cash and bank balances 3,752,966,689; total assets 9,847,835,436; total liabilities 8,356,414,133. Board composition is verified at 9 directors and 4 independent directors. ORI1 p. 118; ORI2 p. 13 and p. 52; ORI4 p. 52; ORI5 p. 24-25 and p. 68; ORI6 p. 25 and p. 70; ORI7 p. 17 and p. 71; ORI8 p. 118. ORI3 retained at 0 because no explicit business-continuity or disaster-recovery disclosure was located; the continuity reference on p. 51 is succession continuity. ORI vector [1,1,0,1,1,1,1,1]; score 87.5%."
United Bank for Africa (UBA Ghana) Limited,2025,verified,verified,verified,corrected_and_verified,2026-08-29,Recovered genuine UBA Ghana 2025 annual report; row changed from source-excluded blank to complete; ORI3 retained at 0; ORI score set to 87.5,"Financial values are verified from the 2025 statement pages: profit for the year 407,103,604; cash and bank balances 2,907,805,813; total assets 11,541,568,484; total liabilities 9,645,823,716. Board composition is verified on p. 50 at 9 directors, 5 independent directors, 2 non-executive directors and 2 executive directors. ORI1 p. 117; ORI2 p. 55 and p. 59; ORI4 p. 55-56; ORI5 p. 59; ORI6 p. 63; ORI7 p. 60 and p. 67; ORI8 p. 107 and p. 117. ORI3 retained at 0 because no explicit business-continuity or disaster-recovery disclosure was located; the continuity reference on p. 51 is succession continuity and p. 107 is liquidity contingency funding. ORI vector [1,1,0,1,1,1,1,1]; score 87.5%."
Zenith Bank (Ghana) Limited,2020,verified,verified,corrected,corrected_and_verified,2026-08-29,ORI1 corrected from 0 to 1; ORI score corrected from 62.5 to 75.0,"Financial values are verified from the 2020 statement pages in GHS thousands and normalized to absolute GHS: profit after tax 338,126,000; total assets 8,034,580,000; total liabilities 6,577,786,000; cash and cash equivalents 1,096,820,000. Board composition is verified at 7 directors and 3 independent non-executive directors. ORI1 p.84 is supported by explicit Operational Risk Management (ORM) language describing the ORM framework, methodologies, policies, procedures, monitoring and reporting. ORI3 remains 0 because no explicit business-continuity or disaster-recovery disclosure was located. ORI8 remains 0 because no explicit crisis-management, incident-response, disruption-response or recovery-from-incident disclosure was located. ORI vector [1,1,0,1,1,1,1,0]; score 75.0%."
Zenith Bank (Ghana) Limited,2021,verified,verified,verified,verified_no_change,2026-09-02,,"Four core financial values independently matched to the report statement pages: total_assets p.51; total_liabilities p.51; cash_and_cash_equivalents p.53; profit_after_tax p.6. Year-end board composition verified on PDF p.38: 7 directors, 3 independent; ratio 0.428571. ORI1 p.95; ORI2 p.69; ORI3 not located; ORI4 p.35 and p.39; ORI5 p.41 and p.69; ORI6 p.95; ORI7 p.42 and p.48; ORI8 not located. ORI vector [1,1,0,1,1,1,1,0]; score 75.0%. Negative ORI codes were retained only where no explicit qualifying disclosure was located after full-report search."
Zenith Bank (Ghana) Limited,2022,verified,verified,corrected,corrected_and_verified,2026-08-29,ORI1 corrected from 0 to 1; ORI score corrected from 62.5 to 75.0,"Financial values are verified from the 2022 statement pages in GHS thousands and normalized to absolute GHS where directly available: profit after tax -419,770,000; total assets 9,659,571,000; total liabilities 8,677,204,000. Cash and cash equivalents 2,286,213,000 remains supported by the 2023 comparative cash-flow statement; the 2022 extracted packet directly shows cash and bank balances of 2,963,202,000. Board composition is verified at 6 directors and 3 independent non-executive directors. ORI1 p.134 is supported by explicit Operational Risk Management (ORM) language describing the ORM framework, methodologies, policies, procedures, monitoring and risk mitigation tools. ORI3 remains 0 because no explicit business-continuity or disaster-recovery disclosure was located. ORI8 remains 0 because no explicit crisis-management, incident-response, disruption-response or recovery-from-incident disclosure was located. ORI vector [1,1,0,1,1,1,1,0]; score 75.0%."
Zenith Bank (Ghana) Limited,2023,verified,verified,verified,verified_no_change,2026-09-02,,"Four core financial values independently matched to the report statement pages: total_assets p.60; total_liabilities p.60; cash_and_cash_equivalents p.62; profit_after_tax p.59. Year-end board composition verified on PDF p.38: 8 directors, 4 independent; ratio 0.500000. ORI1 p.120; ORI2 p.75; ORI3 not located; ORI4 p.48; ORI5 p.52 and p.75; ORI6 p.52 and p.120; ORI7 p.58; ORI8 not located. ORI vector [1,1,0,1,1,1,1,0]; score 75.0%. Negative ORI codes were retained only where no explicit qualifying disclosure was located after full-report search."
Zenith Bank (Ghana) Limited,2024,verified,verified,corrected,corrected_and_verified,2026-08-29,ORI2 corrected from 0 to 1; ORI6 corrected from 0 to 1; ORI7 corrected from 0 to 1; ORI score corrected from 37.5 to 75.0,"Financial values are verified from the 2024 statement pages in GHS thousands and normalized to absolute GHS: profit after tax 451,978,000; total assets 19,127,133,000; total liabilities 17,074,861,000; cash and cash equivalents 5,847,300,000. Board composition is verified at 8 directors and 4 independent non-executive directors. ORI1 is supported by explicit Operational Risk Management (ORM) language. ORI2 is supported by the Risk & Cyber Security Committee disclosure. ORI4 is supported by the Internal Control Framework disclosure. ORI5 is supported by Cyber Information Security training and Risk & Cyber Security Committee disclosure. ORI6 is supported by the Internal Audit disclosure. ORI7 is supported by Board AML/CFT training and in-house AML/CFT evaluation. ORI3 remains 0 because no explicit business-continuity or disaster-recovery disclosure was located. ORI8 remains 0 because no explicit crisis-management, incident-response, disruption-response or recovery-from-incident disclosure was located. ORI vector [1,1,0,1,1,1,1,0]; score 75.0%."
Zenith Bank (Ghana) Limited,2025,verified,verified,verified,verified_no_change,2026-09-02,,"Four core financial values independently matched to the report statement pages: total_assets p.72; total_liabilities p.72; cash_and_cash_equivalents p.74; profit_after_tax p.24. Year-end board composition verified on PDF p.40: 10 directors, 6 independent; ratio 0.600000. ORI1 p.127; ORI2 p.87; ORI3 not located; ORI4 p.54 and p.61; ORI5 p.63 and p.87; ORI6 p.63 and p.127; ORI7 p.35; ORI8 not located. ORI vector [1,1,0,1,1,1,1,0]; score 75.0%. Negative ORI codes were retained only where no explicit qualifying disclosure was located after full-report search."
