"source_id","bank","year","filename","sha256","size_bytes","pdf_pages","extracted_page_blocks","searchable_pages","searchable_page_ratio","nonspace_text_characters","text_status","extraction_method","report_status","final_source_status","manual_adjudication_note"
"annual_report:ABSA_BANK_GHANA_PLC:2020","Absa Bank Ghana PLC","2020","Absa Bank Ghana PLC - 2020 - Annual Report.pdf","51b9f81efeb9cb93ca9164768ae26d9e7521e0f37f2a25f0931aeda40e24ccbf","1895108","118","118","117","0.9915","231611","searchable","cached_text","verified_full_report","verified_full_report","Bank identity, reporting year and full-report content verified in the extracted report text and/or page images."
"annual_report:ABSA_BANK_GHANA_PLC:2021","Absa Bank Ghana PLC","2021","Absa Bank Ghana PLC - 2021 - Annual Report.pdf","ab6df60386a81e7f9ea6c464120a46120b8d038234b73fd5951cfaa1357af949","1910174","128","128","127","0.9922","258470","searchable","cached_text","verified_full_report","verified_full_report","Bank identity, reporting year and full-report content verified in the extracted report text and/or page images."
"annual_report:ABSA_BANK_GHANA_PLC:2022","Absa Bank Ghana PLC","2022","Absa Bank Ghana PLC - 2022 - Annual Report.pdf","327ef8bc32755aa7756ebfd0f5eb6317e19a06408dba169b44ce19bd07d3b75b","2033512","135","135","135","1.0","276603","searchable","cached_text","verified_full_report","verified_full_report","Bank identity, reporting year and full-report content verified in the extracted report text and/or page images."
"annual_report:ABSA_BANK_GHANA_PLC:2023","Absa Bank Ghana PLC","2023","Absa Bank Ghana PLC - 2023 - Annual Report.pdf","dc42d262937403d43518a3d3b9eec3da5fd7dfd0a8a4558f5e1fa81d9c176e8e","2371960","142","142","141","0.993","302723","searchable","cached_text","verified_full_report","verified_full_report","Bank identity, reporting year and full-report content verified in the extracted report text and/or page images."
"annual_report:ABSA_BANK_GHANA_PLC:2024","Absa Bank Ghana PLC","2024","Absa Bank Ghana PLC - 2024 - Annual Report.pdf","78fc476226e929f29c59054f445720d0da08ef93c43b25abecf6500f8240ccb2","11947329","178","178","165","0.927","342851","searchable","cached_text","verified_full_report","verified_full_report","Bank identity, reporting year and full-report content verified in the extracted report text and/or page images."
"annual_report:ABSA_BANK_GHANA_PLC:2025","Absa Bank Ghana PLC","2025","Absa Bank Ghana PLC - 2025 - Annual Report.pdf","3a5a523ef7d84c213693cd22e1e8344ffedf7b8e96a2b63fe3920beab70ea11c","2753882","190","190","190","1.0","342654","searchable","cached_text","verified_full_report","verified_full_report","Bank identity, reporting year and full-report content verified in the extracted report text and/or page images."
"annual_report:ACCESS_BANK_GHANA_PLC:2020","Access Bank (Ghana) PLC","2020","Access Bank (Ghana) PLC - 2020 - Annual Report.pdf","3c75dfc526381992c5936747fe75564f322a057ec7882530151a71f080a68d42","9735324","164","164","152","0.9268","312711","searchable","cached_text","verified_full_report","verified_full_report","Bank identity, reporting year and full-report content verified in the extracted report text and/or page images."
"annual_report:ACCESS_BANK_GHANA_PLC:2021","Access Bank (Ghana) PLC","2021","Access Bank (Ghana) PLC - 2021 - Annual Report.pdf","5971dccd44be83abc8d45b277cd5646273cb6ad50dc1dc42b2f7449271934f90","9987456","164","164","138","0.8415","306744","searchable","cached_text","verified_full_report","verified_full_report","Bank identity, reporting year and full-report content verified in the extracted report text and/or page images."
"annual_report:ACCESS_BANK_GHANA_PLC:2022","Access Bank (Ghana) PLC","2022","Access Bank (Ghana) PLC - 2022 - Annual Report.pdf","6bf2487c5441f30df4f08d4ae973f73de6bef7f0f3591c78f1ceac8c02512be3","2110849","121","121","120","0.9917","236574","searchable","cached_text","verified_full_report","verified_full_report","Bank identity, reporting year and full-report content verified in the extracted report text and/or page images."
"annual_report:ACCESS_BANK_GHANA_PLC:2023","Access Bank (Ghana) PLC","2023","Access Bank (Ghana) PLC - 2023 - Annual Report.pdf","ec6cc9ade29d88a80ef1457860552e43d326ea5fafe462965304c3bf68a0c483","1575852","119","119","114","0.958","218778","searchable","cached_text","verified_full_report","verified_full_report","Bank identity, reporting year and full-report content verified in the extracted report text and/or page images."
"annual_report:ACCESS_BANK_GHANA_PLC:2024","Access Bank (Ghana) PLC","2024","Access Bank (Ghana) PLC - 2024 - Annual Report.pdf","a964213ae81a6132909379595f9b8053ae82bd28981e756976c7baa9da068973","3395273","114","114","0","0.0","0","ocr_or_visual_review_required","cached_text","verified_full_report","verified_full_report","Bank identity, reporting year and full-report content verified in the extracted report text and/or page images."
"annual_report:ACCESS_BANK_GHANA_PLC:2025","Access Bank (Ghana) PLC","2025","Access Bank (Ghana) PLC - 2025 - Annual Report.pdf","112b75ef186dba082fb5291920c4f42fef40b68ef681ee78fd56ddfb075b1454","18718252","121","121","121","1.0","245295","searchable","cached_text","verified_full_report","verified_full_report","Bank identity, reporting year and full-report content verified in the extracted report text and/or page images."
"annual_report:AGRICULTURAL_DEVELOPMENT_BANK_ADB_PLC:2020","Agricultural Development Bank (ADB) PLC","2020","Agricultural Development Bank (ADB) PLC - 2020 - Annual Report.pdf","0f7048540945eb70caee35968c7dd5ea523197c2aa01856450ae941b905d7400","1966940","117","117","109","0.9316","257792","searchable","cached_text","verified_full_report","verified_full_report","Bank identity, reporting year and full-report content verified in the extracted report text and/or page images."
"annual_report:AGRICULTURAL_DEVELOPMENT_BANK_ADB_PLC:2021","Agricultural Development Bank (ADB) PLC","2021","Agricultural Development Bank (ADB) PLC - 2021 - Annual Report.pdf","71d292c23f6564d9b8a03365a7a544f274fdd6f254710e9047987a99057f4efd","2370297","117","117","107","0.9145","248482","searchable","cached_text","verified_full_report","verified_full_report","Bank identity, reporting year and full-report content verified in the extracted report text and/or page images."
"annual_report:AGRICULTURAL_DEVELOPMENT_BANK_ADB_PLC:2022","Agricultural Development Bank (ADB) PLC","2022","Agricultural Development Bank (ADB) PLC - 2022 - Annual Report.pdf","cd8390478972af5f46cd368165eacc4ae36c8f093803b376f964c37891662cae","2439980","119","119","110","0.9244","259683","searchable","cached_text","verified_full_report","verified_full_report","Bank identity, reporting year and full-report content verified in the extracted report text and/or page images."
"annual_report:AGRICULTURAL_DEVELOPMENT_BANK_ADB_PLC:2023","Agricultural Development Bank (ADB) PLC","2023","Agricultural Development Bank (ADB) PLC - 2023 - Annual Report.pdf","39cdb7f0060c1d9f63574350952d683d2acafca1f69282f54a6ae0b8bba75702","3425356","124","124","115","0.9274","271401","searchable","cached_text","verified_full_report","verified_full_report","Bank identity, reporting year and full-report content verified in the extracted report text and/or page images."
"annual_report:AGRICULTURAL_DEVELOPMENT_BANK_ADB_PLC:2024","Agricultural Development Bank (ADB) PLC","2024","Agricultural Development Bank (ADB) PLC - 2024 - Annual Report.pdf","e200ffee66403f1f1e2772ad0abf2ad451772bf13fef2f2f52e276fdb7159b8b","3623614","151","151","144","0.9536","329112","searchable","cached_text","verified_full_report","verified_full_report","Bank identity, reporting year and full-report content verified in the extracted report text and/or page images."
"annual_report:AGRICULTURAL_DEVELOPMENT_BANK_ADB_PLC:2025","Agricultural Development Bank (ADB) PLC","2025","Agricultural Development Bank (ADB) PLC - 2025 - Annual Report.pdf","3e8356a00ddec73ba3640f6487d73aea6863a7d1c7e9e3090e841c7b74d904d4","12687647","152","152","1","0.0066","3307","ocr_or_visual_review_required","cached_text","verified_full_report","verified_full_report","Bank identity, reporting year and full-report content verified in the extracted report text and/or page images."
"annual_report:CALBANK_PLC:2020","CalBank PLC","2020","CalBank PLC - 2020 - Annual Report.pdf","8d2b7f64d8a8f3f063619f183edea40a2639b9ed0b3e3d81d24a9fed1f173186","6732885","152","152","145","0.9539","314734","searchable","cached_text","verified_full_report","verified_full_report","Bank identity, reporting year and full-report content verified in the extracted report text and/or page images."
"annual_report:CALBANK_PLC:2021","CalBank PLC","2021","CalBank PLC - 2021 - Annual Report.pdf","1394fb4ffe7aa6e631caf5b073bad6991efb9fae9364e5849178440d75549c39","2135388","142","142","132","0.9296","306835","searchable","cached_text","verified_full_report","verified_full_report","Bank identity, reporting year and full-report content verified in the extracted report text and/or page images."
"annual_report:CALBANK_PLC:2022","CalBank PLC","2022","CalBank PLC - 2022 - Annual Report.pdf","eff07cde10242f9a7cf948a8057bf02e09eb304a863c69046b6274dc5d15ae8e","5729386","166","166","155","0.9337","347481","searchable","cached_text","verified_full_report","verified_full_report","Bank identity, reporting year and full-report content verified in the extracted report text and/or page images."
"annual_report:CALBANK_PLC:2023","CalBank PLC","2023","CalBank PLC - 2023 - Annual Report.pdf","901b62f02751342f06fda5f3aaffafcaf3152a396f2f942adc49ea356c5fbbf1","24759455","166","166","161","0.9699","373962","searchable","cached_text","verified_full_report","verified_full_report","Bank identity, reporting year and full-report content verified in the extracted report text and/or page images."
"annual_report:CALBANK_PLC:2024","CalBank PLC","2024","CalBank PLC - 2024 - Annual Report.pdf","d6ec81d2813dacd6b4d7ad84dd600c280153f69d342145d1b0b038c8a60cada9","33714527","166","166","150","0.9036","338255","searchable","cached_text","verified_full_report","verified_full_report","Bank identity, reporting year and full-report content verified in the extracted report text and/or page images."
"annual_report:CALBANK_PLC:2025","CalBank PLC","2025","CalBank PLC - 2025 - Annual Report.pdf","78fb8b286e7ceee81461f22f6ca0de7e5fe81e78fdc4420ee894807632f27d47","27102156","170","170","155","0.9118","344578","searchable","cached_text","verified_full_report","verified_full_report","Bank identity, reporting year and full-report content verified in the extracted report text and/or page images."
"annual_report:CONSOLIDATED_BANK_GHANA_CBG_LIMITED:2020","Consolidated Bank Ghana (CBG) Limited","2020","Consolidated Bank Ghana (CBG) Limited - 2020 - Annual Report.pdf","2010657e4b901966ba45fa20218f1005540ae80950e71238583b288cb7352221","1102366","83","83","83","1.0","155154","searchable","cached_text","verified_full_report","verified_full_report","Bank identity, reporting year and full-report content verified in the extracted report text and/or page images."
"annual_report:CONSOLIDATED_BANK_GHANA_CBG_LIMITED:2021","Consolidated Bank Ghana (CBG) Limited","2021","Consolidated Bank Ghana (CBG) Limited - 2021 - Annual Report.pdf","d8da04838785ae3dd950d8d0f588a1211b7cb34f3a63ce7f66e31150cb54c8dd","19156263","84","84","0","0.0","0","ocr_or_visual_review_required","cached_text","verified_full_report","verified_full_report","Bank identity, reporting year and full-report content verified in the extracted report text and/or page images."
"annual_report:CONSOLIDATED_BANK_GHANA_CBG_LIMITED:2022","Consolidated Bank Ghana (CBG) Limited","2022","Consolidated Bank Ghana (CBG) Limited - 2022 - Annual Report.pdf","4492f7c84e4c13eabb13a4a63507590b13c02e31478b02f1fc252644b6b1c51b","1519994","91","91","91","1.0","167550","searchable","cached_text","verified_full_report","verified_full_report","Bank identity, reporting year and full-report content verified in the extracted report text and/or page images."
"annual_report:CONSOLIDATED_BANK_GHANA_CBG_LIMITED:2023","Consolidated Bank Ghana (CBG) Limited","2023","Consolidated Bank Ghana (CBG) Limited - 2023 - Annual Report.pdf","cc5187778132acdb39d85456b11f8330808ea01fa94363ec45ed004afa11d9bc","1472093","102","102","102","1.0","211528","searchable","cached_text","verified_full_report","verified_full_report","Bank identity, reporting year and full-report content verified in the extracted report text and/or page images."
"annual_report:CONSOLIDATED_BANK_GHANA_CBG_LIMITED:2024","Consolidated Bank Ghana (CBG) Limited","2024","Consolidated Bank Ghana (CBG) Limited - 2024 - Annual Report.pdf","6ba52ecd9959776346c79ab8bf9456b5460bda7f864ccb75268259d7787736d4","7489561","128","128","121","0.9453","248243","searchable","cached_text","verified_full_report","verified_full_report","Bank identity, reporting year and full-report content verified in the extracted report text and/or page images."
"annual_report:CONSOLIDATED_BANK_GHANA_CBG_LIMITED:2025","Consolidated Bank Ghana (CBG) Limited","2025","Consolidated Bank Ghana (CBG) Limited - 2025 - Annual Report.pdf","812eb00d41be50db9059e14aae4699bad655c4d699dd3399fd7f0c474e088624","2090551","123","123","123","1.0","262033","searchable","cached_text","verified_full_report","verified_full_report","Bank identity, reporting year and full-report content verified in the extracted report text and/or page images."
"annual_report:ECOBANK_GHANA_PLC:2020","Ecobank Ghana PLC","2020","Ecobank Ghana PLC - 2020 - Annual Report.pdf","12bf6455efcec0f05e3c17ffdc30c6e3323363554a4f39b849d875dfcaabe0a6","7200018","166","166","159","0.9578","274893","searchable","cached_text","verified_full_report","verified_full_report","Bank identity, reporting year and full-report content verified in the extracted report text and/or page images."
"annual_report:ECOBANK_GHANA_PLC:2021","Ecobank Ghana PLC","2021","Ecobank Ghana PLC - 2021 - Annual Report.pdf","deb34a1f6c317913f966f915de0cc710ed2df877c9f9641eb382d529a66c8aff","5952267","204","204","185","0.9069","310211","searchable","cached_text","verified_full_report","verified_full_report","Bank identity, reporting year and full-report content verified in the extracted report text and/or page images."
"annual_report:ECOBANK_GHANA_PLC:2022","Ecobank Ghana PLC","2022","Ecobank Ghana PLC - 2022 - Annual Report.pdf","0c64f7d03247d6c426909f1a74c49c2d919e1d3fd16e0d2dc8d98047ccd04e64","18439234","200","200","176","0.88","336763","searchable","cached_text","verified_full_report","verified_full_report","Bank identity, reporting year and full-report content verified in the extracted report text and/or page images."
"annual_report:ECOBANK_GHANA_PLC:2023","Ecobank Ghana PLC","2023","Ecobank Ghana PLC - 2023 - Annual Report.pdf","a1c68aebeb38180784144c1ce53b467fa27cc0ff16bde1ca5f5f2409dbab07d3","7097415","220","220","188","0.8545","346636","searchable","cached_text","verified_full_report","verified_full_report","Bank identity, reporting year and full-report content verified in the extracted report text and/or page images."
"annual_report:ECOBANK_GHANA_PLC:2024","Ecobank Ghana PLC","2024","Ecobank Ghana PLC - 2024 - Annual Report.pdf","b3642694cf3d0c587acaba3cdb130a7422f556995eeae347b4fb47a4bf4a4e7d","9118101","244","244","214","0.877","391444","searchable","cached_text","verified_full_report","verified_full_report","Bank identity, reporting year and full-report content verified in the extracted report text and/or page images."
"annual_report:ECOBANK_GHANA_PLC:2025","Ecobank Ghana PLC","2025","Ecobank Ghana PLC - 2025 - Annual Report.pdf","63250e8b2b314e958c61f823449c6b7a4924758817a504896efd36c8609b760f","16720448","239","239","214","0.8954","409311","searchable","cached_text","verified_full_report","verified_full_report","Bank identity, reporting year and full-report content verified in the extracted report text and/or page images."
"annual_report:FIDELITY_BANK_GHANA_LIMITED:2020","Fidelity Bank Ghana Limited","2020","Fidelity Bank Ghana Limited - 2020 - Annual Report.pdf","08291f55050d8407878ee210d2a5d9460da19c48bc88541b432c6fc39564321c","9183921","132","132","122","0.9242","275427","searchable","cached_text","verified_full_report","verified_full_report","Bank identity, reporting year and full-report content verified in the extracted report text and/or page images."
"annual_report:FIDELITY_BANK_GHANA_LIMITED:2021","Fidelity Bank Ghana Limited","2021","Fidelity Bank Ghana Limited - 2021 - Annual Report.pdf","4b6ebadaed7934568f32eb8e180510924bce242cad3948eb0c5b1e717da540a0","8423299","132","132","124","0.9394","269884","searchable","cached_text","verified_full_report","verified_full_report","Bank identity, reporting year and full-report content verified in the extracted report text and/or page images."
"annual_report:FIDELITY_BANK_GHANA_LIMITED:2022","Fidelity Bank Ghana Limited","2022","Fidelity Bank Ghana Limited - 2022 - Annual Report.pdf","6da21787bbf7bae71e2b95f34f6f00ca59bf4b3dc014e1bfc9dddf900a7dbc57","9053169","152","152","144","0.9474","315801","searchable","cached_text","verified_full_report","verified_full_report","Bank identity, reporting year and full-report content verified in the extracted report text and/or page images."
"annual_report:FIDELITY_BANK_GHANA_LIMITED:2023","Fidelity Bank Ghana Limited","2023","Fidelity Bank Ghana Limited - 2023 - Annual Report.pdf","271b260bc41a1052c3655d94d5aee70b2d3ecd26b5de2aeb24931ca2800b2c31","10118893","172","172","162","0.9419","350948","searchable","cached_text","verified_full_report","verified_full_report","Bank identity, reporting year and full-report content verified in the extracted report text and/or page images."
"annual_report:FIDELITY_BANK_GHANA_LIMITED:2024","Fidelity Bank Ghana Limited","2024","Fidelity Bank Ghana Limited - 2024 - Annual Report.pdf","f2e05ef70a5c0b9524564c0caa4fe349211f10a4ed5806985ebe36e68f267ca2","8719329","168","168","156","0.9286","381322","searchable","cached_text","verified_full_report","verified_full_report","Bank identity, reporting year and full-report content verified in the extracted report text and/or page images."
"annual_report:FIDELITY_BANK_GHANA_LIMITED:2025","Fidelity Bank Ghana Limited","2025","Fidelity Bank Ghana Limited - 2025 - Annual Report.pdf","cc219d695b7e6c9818f86a3b0aa6e86a68a91a9fe3d1af8706d332b67e9b910b","8765060","172","172","158","0.9186","390443","searchable","cached_text","verified_full_report","verified_full_report","Bank identity, reporting year and full-report content verified in the extracted report text and/or page images."
"annual_report:FIRST_ATLANTIC_BANK_PLC:2020","First Atlantic Bank PLC","2020","First Atlantic Bank PLC - 2020 - Annual Report.pdf","99869c5df3711d1bf49e5e8e103d426802f7a67acc5bae00e45bfefaea78bbc6","1486355","87","87","87","1.0","147136","searchable","cached_text","verified_full_report","verified_full_report","Bank identity, reporting year and full-report content verified in the extracted report text and/or page images."
"annual_report:FIRST_ATLANTIC_BANK_PLC:2021","First Atlantic Bank PLC","2021","First Atlantic Bank PLC - 2021 - Annual Report.pdf","398b0d983babc550036b79d157308e0c5ea96bb7882628324aae25d33b73b1f0","1496076","90","90","88","0.9778","153572","searchable","cached_text","verified_full_report","verified_full_report","Bank identity, reporting year and full-report content verified in the extracted report text and/or page images."
"annual_report:FIRST_ATLANTIC_BANK_PLC:2022","First Atlantic Bank PLC","2022","First Atlantic Bank PLC - 2022 - Annual Report.pdf","14c9016fd50b9f2868844b3fd1f1d545751944d4102d970dfe573b0d1592b828","8777988","98","98","85","0.8673","186996","searchable","cached_text","verified_full_report","verified_full_report","Bank identity, reporting year and full-report content verified in the extracted report text and/or page images."
"annual_report:FIRST_ATLANTIC_BANK_PLC:2023","First Atlantic Bank PLC","2023","First Atlantic Bank PLC - 2023 - Annual Report.pdf","6eaee0ff9340aed4ae2d64fc9e87a221777d99ec833fff6a2f24af58926d1e73","1191473","104","104","104","1.0","181780","searchable","cached_text","verified_full_report","verified_full_report","Bank identity, reporting year and full-report content verified in the extracted report text and/or page images."
"annual_report:FIRST_ATLANTIC_BANK_PLC:2024","First Atlantic Bank PLC","2024","First Atlantic Bank PLC - 2024 - Annual Report.pdf","9d0b01564f16a5c310db67d37e582f9f09a6f251ba282271c23160709b629ae6","285415","2","2","2","1.0","6306","searchable","cached_text","summary_only_financials_recovered_from_2025_comparative","summary_only_financials_recovered_from_2025_comparative","Two-page summary cannot support governance coding; audited financial variables are recovered from the genuine 2025 report comparative column."
"annual_report:FIRST_ATLANTIC_BANK_PLC:2025","First Atlantic Bank PLC","2025","First Atlantic Bank PLC - 2025 - Annual Report.pdf","fd0512f751d14be0ebd2687e5bd275ae1d2ee35d2ea7540549c4bebb616cdc08","12819431","133","133","124","0.9323","233947","searchable","cached_text","verified_full_report","verified_full_report","Bank identity, reporting year and full-report content verified in the extracted report text and/or page images."
"annual_report:GCB_BANK_PLC:2020","GCB Bank PLC","2020","GCB Bank PLC - 2020 - Annual Report.pdf","9fe548d63af16f2d4297a908aafca02ff0bc6988032f051fcff78b8673a2f698","10143309","168","168","155","0.9226","365777","searchable","cached_text","verified_full_report","verified_full_report","Bank identity, reporting year and full-report content verified in the extracted report text and/or page images."
"annual_report:GCB_BANK_PLC:2021","GCB Bank PLC","2021","GCB Bank PLC - 2021 - Annual Report.pdf","5e627679301664acf04c6a023336a51206bc77019e1d0228e35b6daf542b7b36","10000068","176","176","166","0.9432","352970","searchable","cached_text","verified_full_report","verified_full_report","Bank identity, reporting year and full-report content verified in the extracted report text and/or page images."
"annual_report:GCB_BANK_PLC:2022","GCB Bank PLC","2022","GCB Bank PLC - 2022 - Annual Report.pdf","725cba5093eb993f7e25b8ae83d2b47c089c12fd46c1572c9ab715594bb095b8","8540299","188","188","185","0.984","386988","searchable","cached_text","verified_full_report","verified_full_report","Bank identity, reporting year and full-report content verified in the extracted report text and/or page images."
"annual_report:GCB_BANK_PLC:2023","GCB Bank PLC","2023","GCB Bank PLC - 2023 - Annual Report.pdf","ab6a5c9253cbdcc22bf5747d8fcb27f4a0021c27f457aa59fca6f354b6592dc2","9557935","192","192","186","0.9688","395585","searchable","cached_text","verified_full_report","verified_full_report","Bank identity, reporting year and full-report content verified in the extracted report text and/or page images."
"annual_report:GCB_BANK_PLC:2024","GCB Bank PLC","2024","GCB Bank PLC - 2024 - Annual Report.pdf","0c37f59a55c11cc2cb14af330ba7d13d025087a2f5d2eae09c253366c61632c3","15816941","212","212","210","0.9906","447295","searchable","cached_text","verified_full_report","verified_full_report","Bank identity, reporting year and full-report content verified in the extracted report text and/or page images."
"annual_report:GCB_BANK_PLC:2025","GCB Bank PLC","2025","GCB Bank PLC - 2025 - Annual Report.pdf","c129125fb39c89e609ac6bdeb434a1aca19faa93961e0905cf0b65a79d4ad281","12683694","208","208","199","0.9567","424552","searchable","cached_text","verified_full_report","verified_full_report","Bank identity, reporting year and full-report content verified in the extracted report text and/or page images."
"annual_report:GUARANTY_TRUST_BANK_GHANA_LIMITED:2020","Guaranty Trust Bank (Ghana) Limited","2020","Guaranty Trust Bank (Ghana) Limited - 2020 - Annual Report.pdf","8252929d234c689a08072372c36739909cd03015b7bca9199ff516a8396e9d0b","2493062","120","120","120","1.0","248034","searchable","cached_text","verified_full_report","verified_full_report","Bank identity, reporting year and full-report content verified in the extracted report text and/or page images."
"annual_report:GUARANTY_TRUST_BANK_GHANA_LIMITED:2021","Guaranty Trust Bank (Ghana) Limited","2021","Guaranty Trust Bank (Ghana) Limited - 2021 - Annual Report.pdf","b58799cbf421f2270bd0536f2afdfca5a04a78f6636929ef06a45cd38c6cd178","2652832","127","127","127","1.0","280861","searchable","cached_text","verified_full_report","verified_full_report","Bank identity, reporting year and full-report content verified in the extracted report text and/or page images."
"annual_report:GUARANTY_TRUST_BANK_GHANA_LIMITED:2022","Guaranty Trust Bank (Ghana) Limited","2022","Guaranty Trust Bank (Ghana) Limited - 2022 - Annual Report.pdf","6478e21ce536bd1ac21c24811b92b43267c5f97386ff2648e2d410c49dd4015e","3471481","149","149","144","0.9664","309993","searchable","cached_text","verified_full_report","verified_full_report","Bank identity, reporting year and full-report content verified in the extracted report text and/or page images."
"annual_report:GUARANTY_TRUST_BANK_GHANA_LIMITED:2023","Guaranty Trust Bank (Ghana) Limited","2023","Guaranty Trust Bank (Ghana) Limited - 2023 - Annual Report.pdf","7415b360008fe94e2ed8238f9e4e92e8aac9db482ce6f62b2debe1a08a5ae863","7498382","164","164","158","0.9634","316786","searchable","cached_text","verified_full_report","verified_full_report","Bank identity, reporting year and full-report content verified in the extracted report text and/or page images."
"annual_report:GUARANTY_TRUST_BANK_GHANA_LIMITED:2024","Guaranty Trust Bank (Ghana) Limited","2024","Guaranty Trust Bank (Ghana) Limited - 2024 - Annual Report.pdf","0e5af2d8a747e7081d922b86e8e2d27549022c0163fcaca5f935549c8c3e0d8b","5129723","177","177","172","0.9718","359337","searchable","cached_text","verified_full_report","verified_full_report","Bank identity, reporting year and full-report content verified in the extracted report text and/or page images."
"annual_report:GUARANTY_TRUST_BANK_GHANA_LIMITED:2025","Guaranty Trust Bank (Ghana) Limited","2025","Guaranty Trust Bank (Ghana) Limited - 2025 - Annual Report.pdf","cda2a39fa7453ea6e59533e566b83ae40b114667c5220c81b0d4cfc4af5e9a83","7116250","191","191","191","1.0","349538","searchable","cached_text","verified_full_report","verified_full_report","Bank identity, reporting year and full-report content verified in the extracted report text and/or page images."
"annual_report:REPUBLIC_BANK_GHANA_PLC:2020","Republic Bank (Ghana) PLC","2020","Republic Bank (Ghana) PLC - 2020 - Annual Report.pdf","d504f2a8ad3b4674b8d2ee7f34b6dd60b05cb732aec554fda6bdcd17c46650d0","4238271","140","140","132","0.9429","287353","searchable","cached_text","verified_full_report","verified_full_report","Bank identity, reporting year and full-report content verified in the extracted report text and/or page images."
"annual_report:REPUBLIC_BANK_GHANA_PLC:2021","Republic Bank (Ghana) PLC","2021","Republic Bank (Ghana) PLC - 2021 - Annual Report.pdf","c2548ff45344ccb4f423b4cc380ae5716926e9c4275cd4bbbdfa8f377accc499","2623712","174","174","169","0.9713","293186","searchable","cached_text","verified_full_report","verified_full_report","Bank identity, reporting year and full-report content verified in the extracted report text and/or page images."
"annual_report:REPUBLIC_BANK_GHANA_PLC:2022","Republic Bank (Ghana) PLC","2022","Republic Bank (Ghana) PLC - 2022 - Annual Report.pdf","7c1d2cd881f184b54e58469b34647452ab8aef33d91ce0ba913f01b84a1b5f92","4891576","190","190","176","0.9263","344793","searchable","cached_text","verified_full_report","verified_full_report","Bank identity, reporting year and full-report content verified in the extracted report text and/or page images."
"annual_report:REPUBLIC_BANK_GHANA_PLC:2023","Republic Bank (Ghana) PLC","2023","Republic Bank (Ghana) PLC - 2023 - Annual Report.pdf","7e6e9cdc82f1fa83e66d06a190c983bb768842ff29b761969f936170755a5889","2456480","208","208","198","0.9519","360290","searchable","cached_text","verified_full_report","verified_full_report","Bank identity, reporting year and full-report content verified in the extracted report text and/or page images."
"annual_report:REPUBLIC_BANK_GHANA_PLC:2024","Republic Bank (Ghana) PLC","2024","Republic Bank (Ghana) PLC - 2024 - Annual Report.pdf","8761408b573fed6e51934abcb635094703d962169ea3659e0caeccd4a3f1c4f4","5841325","220","220","206","0.9364","373428","searchable","cached_text","verified_full_report","verified_full_report","Bank identity, reporting year and full-report content verified in the extracted report text and/or page images."
"annual_report:REPUBLIC_BANK_GHANA_PLC:2025","Republic Bank (Ghana) PLC","2025","Republic Bank (Ghana) PLC - 2025 - Annual Report.pdf","d00d4aacba76239d419a06e0c6a8a921e0d4e41075d7b3256cebb8548d355a94","6263837","214","214","200","0.9346","383560","searchable","cached_text","verified_full_report","verified_full_report","Bank identity, reporting year and full-report content verified in the extracted report text and/or page images."
"annual_report:SOCIETE_GENERALE_GHANA_PLC:2020","Societe Generale Ghana PLC","2020","Societe Generale Ghana PLC - 2020 - Annual Report.pdf","ad4dbf5bbfdad1a7448cecc1c43e3671e1f9cdf888958d0294be5b85aadeca6c","4940508","112","112","102","0.9107","261334","searchable","cached_text","verified_full_report","verified_full_report","Bank identity, reporting year and full-report content verified in the extracted report text and/or page images."
"annual_report:SOCIETE_GENERALE_GHANA_PLC:2021","Societe Generale Ghana PLC","2021","Societe Generale Ghana PLC - 2021 - Annual Report.pdf","dd237373536ed84c1559785bb6b030310b8876d4bda4791ce8bb4d2106b0c0d4","2940512","128","128","116","0.9062","303840","searchable","cached_text","verified_full_report","verified_full_report","Bank identity, reporting year and full-report content verified in the extracted report text and/or page images."
"annual_report:SOCIETE_GENERALE_GHANA_PLC:2022","Societe Generale Ghana PLC","2022","Societe Generale Ghana PLC - 2022 - Annual Report.pdf","a0762e694aaa6675bbad2d45e1c1b8eadb4850242c0414d3cde8c8971b92129c","3938247","132","132","117","0.8864","312411","searchable","cached_text","verified_full_report","verified_full_report","Bank identity, reporting year and full-report content verified in the extracted report text and/or page images."
"annual_report:SOCIETE_GENERALE_GHANA_PLC:2023","Societe Generale Ghana PLC","2023","Societe Generale Ghana PLC - 2023 - Annual Report.pdf","ace7d28206b0b802bd70385a54e1c0300692ed3e08d0577b340613ec1ce003fe","9321731","146","146","124","0.8493","335221","searchable","cached_text","verified_full_report","verified_full_report","Bank identity, reporting year and full-report content verified in the extracted report text and/or page images."
"annual_report:SOCIETE_GENERALE_GHANA_PLC:2024","Societe Generale Ghana PLC","2024","Societe Generale Ghana PLC - 2024 - Annual Report.pdf","777de8e70c428ef63872c2bbd2f157835b80753635b860f563110cb10a6e9c70","4830686","153","153","132","0.8627","350078","searchable","cached_text","verified_full_report","verified_full_report","Bank identity, reporting year and full-report content verified in the extracted report text and/or page images."
"annual_report:SOCIETE_GENERALE_GHANA_PLC:2025","Societe Generale Ghana PLC","2025","Societe Generale Ghana PLC - 2025 - Annual Report.pdf","393f0170771b868d9376e8332b108087e304d239679de965873fd46b40b4ddbe","5090122","155","155","134","0.8645","355090","searchable","cached_text","verified_full_report","verified_full_report","Bank identity, reporting year and full-report content verified in the extracted report text and/or page images."
"annual_report:STANBIC_BANK_GHANA_LIMITED:2020","Stanbic Bank Ghana Limited","2020","2020 stanbic Annual Report.pdf","00e8f9f17a282af5cddc57d4678d72263d152c6777939955b077187baf885893","3822249","66","66","63","0.9545","431329","searchable","cached_text","verified_full_report","verified_full_report","Bank identity, reporting year and full-report content verified in the extracted report text and/or page images."
"annual_report:STANBIC_BANK_GHANA_LIMITED:2021","Stanbic Bank Ghana Limited","2021","2021 stanbic Annual Report.pdf","40f1a331db6c529e18bb4ab367a8c6fa3dbdcc757a414528761bbc8ebc51bdc5","4095533","66","66","65","0.9848","515463","searchable","cached_text","verified_full_report","verified_full_report","Bank identity, reporting year and full-report content verified in the extracted report text and/or page images."
"annual_report:STANBIC_BANK_GHANA_LIMITED:2022","Stanbic Bank Ghana Limited","2022","2022 stanbic Annual Report.pdf","247f58aeda90e3dfb1a60c2a83e386503491ffff11dbc1a771db5c609a7b03c9","5521543","67","67","66","0.9851","405812","searchable","cached_text","verified_full_report","verified_full_report","Bank identity, reporting year and full-report content verified in the extracted report text and/or page images."
"annual_report:STANBIC_BANK_GHANA_LIMITED:2023","Stanbic Bank Ghana Limited","2023","Stanbic Bank Ghana Limited - 2023 - Annual Report.pdf","2a9dbdd0a41146403a90906d45551c13754f0fcb10d3a8b10ceb444e68a3a00d","48659916","72","72","71","0.9861","327653","searchable","cached_text","verified_full_report","verified_full_report","Bank identity, reporting year and full-report content verified in the extracted report text and/or page images."
"annual_report:STANBIC_BANK_GHANA_LIMITED:2024","Stanbic Bank Ghana Limited","2024","Stanbic Bank Ghana Limited - 2024 - Annual Report.pdf","92acfb3fce7a050f0855a6b5481e8624b81639288e72ada3c10e2d1735955c4c","6995686","144","144","142","0.9861","348618","searchable","cached_text","verified_full_report","verified_full_report","Bank identity, reporting year and full-report content verified in the extracted report text and/or page images."
"annual_report:STANBIC_BANK_GHANA_LIMITED:2025","Stanbic Bank Ghana Limited","2025","Stanbic Bank Ghana Limited - 2025 - Annual Report.pdf","e1f8702e507da56e21ef98e08dd23d35bee8dc14e9e05f1eb3e17c1570d036ba","5208907","141","141","140","0.9929","349009","searchable","cached_text","verified_full_report","verified_full_report","Bank identity, reporting year and full-report content verified in the extracted report text and/or page images."
"annual_report:STANDARD_CHARTERED_BANK_GHANA_PLC:2020","Standard Chartered Bank Ghana PLC","2020","Standard Chartered Bank Ghana PLC - 2020 - Annual Report.pdf","a50914c04bcab30d53329ee90ec0b1588148741674ea1b246552a0c76df5c1b3","11777356","160","160","152","0.95","349614","searchable","cached_text","verified_full_report","verified_full_report","Bank identity, reporting year and full-report content verified in the extracted report text and/or page images."
"annual_report:STANDARD_CHARTERED_BANK_GHANA_PLC:2021","Standard Chartered Bank Ghana PLC","2021","Standard Chartered Bank Ghana PLC - 2021 - Annual Report.pdf","d4fa8a538b36d645ce1f44a5d01916f107d597f10faa38ff3c0d72ec9dbce8e8","8052499","167","167","160","0.9581","394922","searchable","cached_text","verified_full_report","verified_full_report","Bank identity, reporting year and full-report content verified in the extracted report text and/or page images."
"annual_report:STANDARD_CHARTERED_BANK_GHANA_PLC:2022","Standard Chartered Bank Ghana PLC","2022","Standard Chartered Bank Ghana PLC - 2022 - Annual Report.pdf","d56c1fa505569875dd9e6c5b857dd8a18f77815f028db176e76e4ce2e000ef8c","17723954","209","209","191","0.9139","453135","searchable","cached_text","verified_full_report","verified_full_report","Bank identity, reporting year and full-report content verified in the extracted report text and/or page images."
"annual_report:STANDARD_CHARTERED_BANK_GHANA_PLC:2023","Standard Chartered Bank Ghana PLC","2023","Standard Chartered Bank Ghana PLC - 2023 - Annual Report.pdf","8383cc958456edab7f2e4979399380f7b893a0ad61bb97bdb147eac4f3e18868","11236722","228","228","212","0.9298","498535","searchable","cached_text","verified_full_report","verified_full_report","Bank identity, reporting year and full-report content verified in the extracted report text and/or page images."
"annual_report:STANDARD_CHARTERED_BANK_GHANA_PLC:2024","Standard Chartered Bank Ghana PLC","2024","Standard Chartered Bank Ghana PLC - 2024 - Annual Report.pdf","67f3da7a3e121c65c103548a6c560ce37178b2d15aef111cc93f3fbe048317c5","14898402","244","244","228","0.9344","503594","searchable","cached_text","verified_full_report","verified_full_report","Bank identity, reporting year and full-report content verified in the extracted report text and/or page images."
"annual_report:STANDARD_CHARTERED_BANK_GHANA_PLC:2025","Standard Chartered Bank Ghana PLC","2025","Standard Chartered Bank Ghana PLC - 2025 - Annual Report.pdf","1ee6defc1d9b18b13595e13f5a7abc5429fcc5985ee0f211da537316c20eabdb","12592243","252","252","232","0.9206","481847","searchable","cached_text","verified_full_report","verified_full_report","Bank identity, reporting year and full-report content verified in the extracted report text and/or page images."
"annual_report:UNITED_BANK_FOR_AFRICA_UBA_GHANA_LIMITED:2020","United Bank for Africa (UBA Ghana) Limited","2020","United Bank for Africa (UBA Ghana) Limited - 2020 - Annual Report.pdf","5e81ac0dd5d06c817d85a741cbe19187ee19275d900606349ff8364ed27b0e4a","31020893","148","148","141","0.9527","322009","searchable","cached_text","verified_full_report","verified_full_report","Bank identity, reporting year and full-report content verified in the extracted report text and/or page images."
"annual_report:UNITED_BANK_FOR_AFRICA_UBA_GHANA_LIMITED:2021","United Bank for Africa (UBA Ghana) Limited","2021","UBA-Ghana-Ltd-2021-Annual-Report-compressed.pdf","c74a174420239c3e1fd27fd61f32bba4000585815050ab03541c2171d9e111bd","3927142","154","154","144","0.9351","305381","searchable","pdftotext_layout","verified_full_report","verified_full_report","Bank identity, reporting year and full-report content verified in the extracted report text and/or page images."
"annual_report:UNITED_BANK_FOR_AFRICA_UBA_GHANA_LIMITED:2022","United Bank for Africa (UBA Ghana) Limited","2022","United Bank for Africa (UBA Ghana) Limited - 2022 - Annual Report.pdf","48526583bbc70533a514f988cebb797b975ceca40e003507614ca67e136c7616","3209526","152","152","141","0.9276","316222","searchable","cached_text","verified_full_report","verified_full_report","Bank identity, reporting year and full-report content verified in the extracted report text and/or page images."
"annual_report:UNITED_BANK_FOR_AFRICA_UBA_GHANA_LIMITED:2023","United Bank for Africa (UBA Ghana) Limited","2023","United Bank for Africa (UBA Ghana) Limited - 2023 - Annual Report.pdf","9c31a859778b6ae4f1cee79d3684d7b1343f1d433ed612033070b38f3554a05e","5475974","156","156","145","0.9295","309129","searchable","cached_text","verified_full_report","verified_full_report","Bank identity, reporting year and full-report content verified in the extracted report text and/or page images."
"annual_report:UNITED_BANK_FOR_AFRICA_UBA_GHANA_LIMITED:2024","United Bank for Africa (UBA Ghana) Limited","2024","United Bank for Africa (UBA Ghana) Limited - 2024 - Annual Report.pdf","1c731c9b10ebe6fe27726ca9dfe32e9fc0381bec2748e5c1e45815f733f61ff8","3393655","162","162","147","0.9074","323741","searchable","cached_text","verified_full_report","verified_full_report","Bank identity, reporting year and full-report content verified in the extracted report text and/or page images."
"annual_report:UNITED_BANK_FOR_AFRICA_UBA_GHANA_LIMITED:2025","United Bank for Africa (UBA Ghana) Limited","2025","United Bank for Africa (UBA Ghana) Limited - 2025 - Annual Report.pdf","106d49e90ba15d2bcbd9df9784a7d6463420c321ea3140577c2802e8b4190afb","3520913","172","172","158","0.9186","340666","searchable","cached_text","verified_full_report","verified_full_report","Bank identity, reporting year and full-report content verified in the extracted report text and/or page images."
"annual_report:ZENITH_BANK_GHANA_LIMITED:2020","Zenith Bank (Ghana) Limited","2020","Zenith Bank (Ghana) Limited - 2020 - Annual Report.pdf","d0c82a20899f15f280cb32605b04595d6915a4289caa6f737a27b97ba0ed803c","210480648","116","116","0","0.0","0","ocr_or_visual_review_required","cached_text","verified_full_report","verified_full_report","Bank identity, reporting year and full-report content verified in the extracted report text and/or page images."
"annual_report:ZENITH_BANK_GHANA_LIMITED:2021","Zenith Bank (Ghana) Limited","2021","Zenith Bank (Ghana) Limited - 2021 - Annual Report.pdf","f13193d292c7259c73148a75eddfc74d70c8bec56803f3e1d501d0c838a7f22b","73602841","117","117","96","0.8205","198681","searchable","cached_text","verified_full_report","verified_full_report","Bank identity, reporting year and full-report content verified in the extracted report text and/or page images."
"annual_report:ZENITH_BANK_GHANA_LIMITED:2022","Zenith Bank (Ghana) Limited","2022","Zenith Bank (Ghana) Limited - 2022 - Annual Report.pdf","920fca7c91ed6423f3f4b28c370e3fc29d7f65d7ca62d3cc7892cb9e9b407421","17138577","151","705","399","2.6424","220112","searchable","cached_text","verified_full_report","verified_full_report","Bank identity, reporting year and full-report content verified in the extracted report text and/or page images."
"annual_report:ZENITH_BANK_GHANA_LIMITED:2023","Zenith Bank (Ghana) Limited","2023","Zenith Bank (Ghana) Limited - 2023 - Annual Report.pdf","2174f80ce4aa387a4d826e76ab973f6e3d247568b7b6391accf2792e9f6a5280","84046624","130","130","111","0.8538","230279","searchable","cached_text","verified_full_report","verified_full_report","Bank identity, reporting year and full-report content verified in the extracted report text and/or page images."
"annual_report:ZENITH_BANK_GHANA_LIMITED:2024","Zenith Bank (Ghana) Limited","2024","Zenith Bank (Ghana) Limited - 2024 - Annual Report.pdf","0ecc8dba875dc6875516bfe672f32301ca5cc1605f6d8276dc6f0f22843205af","10135579","138","138","112","0.8116","267612","searchable","cached_text","verified_full_report","verified_full_report","Bank identity, reporting year and full-report content verified in the extracted report text and/or page images."
"annual_report:ZENITH_BANK_GHANA_LIMITED:2025","Zenith Bank (Ghana) Limited","2025","Zenith Bank (Ghana) Limited - 2025 - Annual Report.pdf","491f78bc0db26209f65e700b312e5602f4a226aec0ac5552170a5aa721163c1b","13093577","144","144","116","0.8056","253852","searchable","cached_text","verified_full_report","verified_full_report","Bank identity, reporting year and full-report content verified in the extracted report text and/or page images."
