bank,bank_id,year,ori_score,fitted,residual,leverage,cooks_distance,studentized_residual,high_cooks_distance
Ecobank Ghana PLC,ECOBANK_GHANA_PLC,2024,75.0,88.759971984642,-13.759971984641993,0.30021387376382747,0.08396441222926383,-2.3759993373430066,True
Republic Bank (Ghana) PLC,REPUBLIC_BANK_GHANA_PLC,2023,100.0,84.85951406593664,15.140485934063364,0.26150017880650195,0.07950800929186742,2.560867762469302,True
United Bank for Africa (UBA Ghana) Limited,UNITED_BANK_FOR_AFRICA_UBA_GHANA_LIMITED,2025,75.0,87.43331864402583,-12.433318644025832,0.3005947209446329,0.06871597542268518,-2.1311289149400374,True
Ecobank Ghana PLC,ECOBANK_GHANA_PLC,2025,100.0,89.02399141422569,10.97600858577431,0.3333334436503766,0.06535976431841328,1.9151757857738796,True
United Bank for Africa (UBA Ghana) Limited,UNITED_BANK_FOR_AFRICA_UBA_GHANA_LIMITED,2020,100.0,85.91424551556271,14.085754484437288,0.25019368115594076,0.06387022177400918,2.347550506771924,True
First Atlantic Bank PLC,FIRST_ATLANTIC_BANK_PLC,2023,87.5,97.54975196464774,-10.04975196464774,0.34042871346227255,0.05717069059770442,-1.7556422931981055,True
Guaranty Trust Bank (Ghana) Limited,GUARANTY_TRUST_BANK_GHANA_LIMITED,2024,87.5,74.96333609352449,12.53666390647551,0.25503130843194227,0.05224460778916907,2.0788900562389685,True
Standard Chartered Bank Ghana PLC,STANDARD_CHARTERED_BANK_GHANA_PLC,2020,87.5,100.08000792950477,-12.580007929504774,0.2534408777470965,0.05205592058781833,-2.084175791224663,True
United Bank for Africa (UBA Ghana) Limited,UNITED_BANK_FOR_AFRICA_UBA_GHANA_LIMITED,2021,100.0,87.03466366325173,12.965336336748265,0.2294410195527922,0.04698799528904213,2.116297213303694,True
Republic Bank (Ghana) PLC,REPUBLIC_BANK_GHANA_PLC,2022,75.0,85.94296972927889,-10.942969729278886,0.2659249660104445,0.042747296235585305,-1.8148054025191382,True
United Bank for Africa (UBA Ghana) Limited,UNITED_BANK_FOR_AFRICA_UBA_GHANA_LIMITED,2024,75.0,86.87493323545831,-11.874933235458315,0.2405628858817999,0.042546848182978526,-1.942813904823092,True
Guaranty Trust Bank (Ghana) Limited,GUARANTY_TRUST_BANK_GHANA_LIMITED,2021,62.5,72.87395502402335,-10.373955024023346,0.2710427451770001,0.039708404222270746,-1.722451109443022,False
Consolidated Bank Ghana (CBG) Limited,CONSOLIDATED_BANK_GHANA_CBG_LIMITED,2024,87.5,78.80448561096006,8.695514389039943,0.32717208149650073,0.03952927379762998,1.494902042199215,False
United Bank for Africa (UBA Ghana) Limited,UNITED_BANK_FOR_AFRICA_UBA_GHANA_LIMITED,2023,75.0,86.92247599547746,-11.922475995477456,0.2253493699610324,0.0386133565468299,-1.930703004545031,False
Ecobank Ghana PLC,ECOBANK_GHANA_PLC,2021,75.0,85.23403308213722,-10.234033082137216,0.234793302368133,0.03037958679107799,-1.6558126621336957,False
Guaranty Trust Bank (Ghana) Limited,GUARANTY_TRUST_BANK_GHANA_LIMITED,2020,62.5,71.66360161611613,-9.163601616116125,0.2663145884407751,0.030051602839791903,-1.5090871600329108,False
Agricultural Development Bank (ADB) PLC,AGRICULTURAL_DEVELOPMENT_BANK_ADB_PLC,2025,75.0,82.01941608428882,-7.019416084288821,0.34901739223383016,0.029354204893481544,-1.2202079888157902,False
Ecobank Ghana PLC,ECOBANK_GHANA_PLC,2022,100.0,90.89808230981815,9.10191769018185,0.2615578971350408,0.028744899490970355,1.493591571473921,False
Agricultural Development Bank (ADB) PLC,AGRICULTURAL_DEVELOPMENT_BANK_ADB_PLC,2021,87.5,78.42121628247487,9.078783717525127,0.2607063487589788,0.02844022609462265,1.4887828943433945,False
United Bank for Africa (UBA Ghana) Limited,UNITED_BANK_FOR_AFRICA_UBA_GHANA_LIMITED,2022,100.0,90.82036294622452,9.17963705377548,0.2536263230102348,0.02775190293746597,1.4984780390664876,False
Guaranty Trust Bank (Ghana) Limited,GUARANTY_TRUST_BANK_GHANA_LIMITED,2025,87.5,80.39116176244237,7.108838237557634,0.33119323982091986,0.027066834623337466,1.2191515766643273,False
GCB Bank PLC,GCB_BANK_PLC,2023,100.0,90.49897547078929,9.50102452921071,0.23544052190939763,0.026300232506432247,1.5335613456418289,False
Stanbic Bank Ghana Limited,STANBIC_BANK_GHANA_LIMITED,2023,87.5,95.97601663040324,-8.476016630403237,0.23305020668894874,0.020590138775802506,-1.3610545910006941,False
Stanbic Bank Ghana Limited,STANBIC_BANK_GHANA_LIMITED,2024,87.5,95.65798985990341,-8.15798985990341,0.24214829768049806,0.02029734960444125,-1.3166891742581086,False
CalBank PLC,CALBANK_PLC,2023,100.0,94.63213099718925,5.36786900281075,0.3608423976707569,0.01841049689338255,0.9375033281806321,False
Agricultural Development Bank (ADB) PLC,AGRICULTURAL_DEVELOPMENT_BANK_ADB_PLC,2020,87.5,80.0238444059242,7.476155594075806,0.2476200370597772,0.017685936251545954,1.20861505358306,False
Republic Bank (Ghana) PLC,REPUBLIC_BANK_GHANA_PLC,2021,75.0,81.68841418928317,-6.688414189283165,0.26989426962795365,0.01638432368263737,-1.095546014265847,False
Stanbic Bank Ghana Limited,STANBIC_BANK_GHANA_LIMITED,2020,100.0,92.80332224869872,7.19667775130128,0.24539959956638904,0.016145962914684467,1.1607584787732446,False
First Atlantic Bank PLC,FIRST_ATLANTIC_BANK_PLC,2022,100.0,94.10100363720849,5.898996362791507,0.29277431496355244,0.014734426297363011,0.9800193511768692,False
Republic Bank (Ghana) PLC,REPUBLIC_BANK_GHANA_PLC,2024,100.0,96.09413883902093,3.9058611609790717,0.41872489814572816,0.01367599702128296,0.7133684374734837,False
Republic Bank (Ghana) PLC,REPUBLIC_BANK_GHANA_PLC,2020,75.0,79.76422327414642,-4.764223274146417,0.34997265727405935,0.01359925533304018,-0.823872410699926,False
Agricultural Development Bank (ADB) PLC,AGRICULTURAL_DEVELOPMENT_BANK_ADB_PLC,2022,75.0,80.78160939155273,-5.781609391552735,0.2577292578736128,0.011310884904501679,-0.9369996844167854,False
Stanbic Bank Ghana Limited,STANBIC_BANK_GHANA_LIMITED,2021,100.0,93.91000331210405,6.0899966878959475,0.24048872804675586,0.011184599603571205,0.9762519853492115,False
CalBank PLC,CALBANK_PLC,2025,100.0,103.85932169047933,-3.8593216904793337,0.36280236514625874,0.00962728459930846,-0.6729480437538992,False
GCB Bank PLC,GCB_BANK_PLC,2025,87.5,92.45261527319518,-4.952615273195178,0.28020929252152554,0.00959620016291512,-0.8137896367281926,False
GCB Bank PLC,GCB_BANK_PLC,2022,100.0,94.14531836363673,5.854681636363267,0.22622149117091783,0.009368437265104987,0.9292239469760473,False
Standard Chartered Bank Ghana PLC,STANDARD_CHARTERED_BANK_GHANA_PLC,2024,100.0,95.13074878587997,4.869251214120027,0.27565186096921324,0.009010536377971619,0.7974151845706844,False
Republic Bank (Ghana) PLC,REPUBLIC_BANK_GHANA_PLC,2025,100.0,96.65073990233336,3.349260097666644,0.3456523462077654,0.006550586883695916,0.5757862540300712,False
First Atlantic Bank PLC,FIRST_ATLANTIC_BANK_PLC,2020,87.5,84.48276957367469,3.0172304263253125,0.3704442009959582,0.006155046678937382,0.528615607093768,False
Standard Chartered Bank Ghana PLC,STANDARD_CHARTERED_BANK_GHANA_PLC,2021,100.0,95.89561136402128,4.104388635978722,0.2627600984357296,0.005891132007290638,0.6653018776106272,False
Ecobank Ghana PLC,ECOBANK_GHANA_PLC,2020,87.5,83.38067728796219,4.119322712037814,0.25706226166684354,0.005716696929102201,0.6651562430911517,False
GCB Bank PLC,GCB_BANK_PLC,2021,87.5,91.8294834139954,-4.329483413995405,0.23871776688116333,0.0055850307098613714,-0.6907950284968906,False
GCB Bank PLC,GCB_BANK_PLC,2020,87.5,91.55476983481687,-4.054769834816867,0.2497178745956204,0.005275855524723143,-0.6514330530570165,False
Consolidated Bank Ghana (CBG) Limited,CONSOLIDATED_BANK_GHANA_CBG_LIMITED,2020,75.0,77.95240816878383,-2.9524081687838333,0.33008959911243896,0.004637791775231165,-0.5013325949090639,False
Societe Generale Ghana PLC,SOCIETE_GENERALE_GHANA_PLC,2022,100.0,103.25340620160856,-3.2534062016085556,0.2737762666867193,0.003974582832543332,-0.5307119364904469,False
Consolidated Bank Ghana (CBG) Limited,CONSOLIDATED_BANK_GHANA_CBG_LIMITED,2021,75.0,78.25952469809958,-3.2595246980995825,0.26187679391522,0.0036940936329122303,-0.5273929210077306,False
Agricultural Development Bank (ADB) PLC,AGRICULTURAL_DEVELOPMENT_BANK_ADB_PLC,2024,75.0,78.4572507545367,-3.4572507545367017,0.2425005654929243,0.003654011757133156,-0.5522947743748045,False
Consolidated Bank Ghana (CBG) Limited,CONSOLIDATED_BANK_GHANA_CBG_LIMITED,2023,75.0,76.98003367005845,-1.9800336700584467,0.4186050841264797,0.003512102972742502,-0.36058096394881556,False
Access Bank (Ghana) PLC,ACCESS_BANK_GHANA_PLC,2022,100.0,103.01373648256865,-3.013736482568646,0.2649360430710671,0.003221524146177865,-0.48849438934847944,False
Consolidated Bank Ghana (CBG) Limited,CONSOLIDATED_BANK_GHANA_CBG_LIMITED,2022,75.0,77.04190086243018,-2.0419008624301824,0.3905386863672613,0.0031710356891104523,-0.36318969972755805,False
Consolidated Bank Ghana (CBG) Limited,CONSOLIDATED_BANK_GHANA_CBG_LIMITED,2025,87.5,85.96164698966746,1.5383530103325427,0.4491127546489156,0.0025333897925096317,0.28769849701253813,False
Standard Chartered Bank Ghana PLC,STANDARD_CHARTERED_BANK_GHANA_PLC,2025,100.0,97.28290524281145,2.7170947571885478,0.25419052101895434,0.0024404683128710007,0.4370729651413288,False
Societe Generale Ghana PLC,SOCIETE_GENERALE_GHANA_PLC,2024,100.0,97.59922313758675,2.4007768624132524,0.27853465194421456,0.0022310634592099376,0.3925434588258504,False
Stanbic Bank Ghana Limited,STANBIC_BANK_GHANA_LIMITED,2025,100.0,97.83432895020347,2.1656710497965292,0.31089311495530075,0.0022211759303239786,0.362258808529546,False
CalBank PLC,CALBANK_PLC,2024,100.0,98.55518392984818,1.4448160701518162,0.4477996193863998,0.0022175605872767575,0.26986400914222003,False
Fidelity Bank Ghana Limited,FIDELITY_BANK_GHANA_LIMITED,2022,100.0,102.71197595353702,-2.7119759535370207,0.2381946732433666,0.002183613418162532,-0.43163003730881516,False
Societe Generale Ghana PLC,SOCIETE_GENERALE_GHANA_PLC,2020,100.0,102.17617296482193,-2.17617296482193,0.3031786780697378,0.0021389600073478485,-0.36199438450461485,False
Societe Generale Ghana PLC,SOCIETE_GENERALE_GHANA_PLC,2025,100.0,98.07426413975674,1.9257358602432646,0.33983888408923324,0.002091831382264234,0.32905405065712123,False
GCB Bank PLC,GCB_BANK_PLC,2024,87.5,89.518837643566,-2.018837643566002,0.3239630252673864,0.0020898609221160517,-0.3409081307330251,False
Fidelity Bank Ghana Limited,FIDELITY_BANK_GHANA_LIMITED,2024,100.0,97.79353334463538,2.206466655364622,0.2818001091638553,0.0019240009196303616,0.3615286752532588,False
CalBank PLC,CALBANK_PLC,2022,100.0,102.00756263401983,-2.007562634019834,0.30903612788432344,0.0018871083263920572,-0.33531299291035993,False
Access Bank (Ghana) PLC,ACCESS_BANK_GHANA_PLC,2021,100.0,97.67866225260241,2.3213377473975925,0.2350250341776043,0.0015655119833403422,0.3685524964858418,False
Access Bank (Ghana) PLC,ACCESS_BANK_GHANA_PLC,2020,100.0,101.96528797782413,-1.9652879778241328,0.2819376199133567,0.0015277107198729593,-0.3219776279143743,False
Zenith Bank (Ghana) Limited,ZENITH_BANK_GHANA_LIMITED,2025,75.0,76.8297858326546,-1.8297858326545935,0.28425060416770387,0.0013438165583276986,-0.30023171198767235,False
Absa Bank Ghana PLC,ABSA_BANK_GHANA_PLC,2025,100.0,101.82543206048076,-1.8254320604807646,0.2730571919060062,0.0012455022870701343,-0.2971984111471611,False
CalBank PLC,CALBANK_PLC,2021,100.0,101.36177268923163,-1.3617726892316284,0.31481517095300326,0.0008995171881816842,-0.2283044980615896,False
Zenith Bank (Ghana) Limited,ZENITH_BANK_GHANA_LIMITED,2024,75.0,73.4632328143045,1.5367671856954956,0.23732620595149445,0.0006970184210251327,0.24421747313066014,False
Stanbic Bank Ghana Limited,STANBIC_BANK_GHANA_LIMITED,2022,100.0,98.81833899868693,1.1816610013130742,0.29750223828624794,0.0006089003218169944,0.19563172576017965,False
Access Bank (Ghana) PLC,ACCESS_BANK_GHANA_PLC,2025,100.0,98.90878098442398,1.0912190155760157,0.3053845613898183,0.000545182761843506,0.1816734675892393,False
Access Bank (Ghana) PLC,ACCESS_BANK_GHANA_PLC,2024,100.0,98.78593660361639,1.214063396383608,0.263962805028826,0.0005195005277441566,0.19636372859972384,False
Absa Bank Ghana PLC,ABSA_BANK_GHANA_PLC,2020,100.0,98.90905029319237,1.0909497068076348,0.26679688784114824,0.0004272692813113709,0.17678226604514174,False
Absa Bank Ghana PLC,ABSA_BANK_GHANA_PLC,2021,100.0,98.96797625108037,1.0320237489196273,0.255419826052167,0.00035495320508447666,0.16594647929024803,False
First Atlantic Bank PLC,FIRST_ATLANTIC_BANK_PLC,2025,100.0,99.23319198307168,0.7668080169283229,0.3361883175165502,0.0003245085732851261,0.13057628367885887,False
Absa Bank Ghana PLC,ABSA_BANK_GHANA_PLC,2022,100.0,100.92741641580047,-0.9274164158004652,0.26097659118295213,0.0002972999063210014,-0.14967977894825074,False
Standard Chartered Bank Ghana PLC,STANDARD_CHARTERED_BANK_GHANA_PLC,2023,100.0,99.19013636462735,0.8098636353726505,0.2835788825379164,0.00026213256493258513,0.13274851379552519,False
Societe Generale Ghana PLC,SOCIETE_GENERALE_GHANA_PLC,2023,100.0,99.29056609551174,0.7094339044882645,0.25187482897293506,0.00016384008512028588,0.11379197133232888,False
Zenith Bank (Ghana) Limited,ZENITH_BANK_GHANA_LIMITED,2023,75.0,74.4828239105936,0.517176089406405,0.2928434639618863,0.00011330298252985186,0.08531965718691102,False
CalBank PLC,CALBANK_PLC,2020,100.0,99.58402805923211,0.41597194076788924,0.32019905969559215,8.672506892331021e-05,0.06998966002381758,False
Agricultural Development Bank (ADB) PLC,AGRICULTURAL_DEVELOPMENT_BANK_ADB_PLC,2023,75.0,75.29666308122243,-0.2966630812224338,0.41926003864412287,7.91420151089082e-05,-0.05400412723029149,False
Absa Bank Ghana PLC,ABSA_BANK_GHANA_PLC,2024,100.0,99.54119736251599,0.4588026374840126,0.26036657136473773,7.247096152718321e-05,0.07400826847753951,False
First Atlantic Bank PLC,FIRST_ATLANTIC_BANK_PLC,2021,87.5,87.13328284139729,0.3667171586027109,0.29883796822106484,5.913185533863223e-05,0.06075455587580334,False
Societe Generale Ghana PLC,SOCIETE_GENERALE_GHANA_PLC,2021,100.0,99.60636746071401,0.3936325392859885,0.24489125916650734,4.8138917862072086e-05,0.06284111667077344,False
Access Bank (Ghana) PLC,ACCESS_BANK_GHANA_PLC,2023,100.0,99.64759569896363,0.35240430103637266,0.25291762010073937,4.0708448472309985e-05,0.0565603611353227,False
Fidelity Bank Ghana Limited,FIDELITY_BANK_GHANA_LIMITED,2020,100.0,99.65703470200766,0.3429652979923361,0.2456153140061051,3.672232106216643e-05,0.05477827157490931,False
Zenith Bank (Ghana) Limited,ZENITH_BANK_GHANA_LIMITED,2022,75.0,75.3300338462065,-0.3300338462065042,0.24070708160303747,3.289630960909307e-05,-0.052542121633222055,False
Fidelity Bank Ghana Limited,FIDELITY_BANK_GHANA_LIMITED,2021,100.0,100.29946602707379,-0.299466027073791,0.23784190415052825,2.6561549787260563e-05,-0.04758578286075195,False
Fidelity Bank Ghana Limited,FIDELITY_BANK_GHANA_LIMITED,2025,100.0,99.71909904593866,0.2809009540613374,0.23972266171155457,2.3671810688309947e-05,0.044690839917371356,False
Guaranty Trust Bank (Ghana) Limited,GUARANTY_TRUST_BANK_GHANA_LIMITED,2022,75.0,75.28569191426725,-0.2856919142672467,0.23230189074982013,2.3271680788961983e-05,-0.045232875471164884,False
Absa Bank Ghana PLC,ABSA_BANK_GHANA_PLC,2023,100.0,99.82892761692987,0.1710723830701255,0.31330571117884987,1.406569842512894e-05,0.02863819869324194,False
Zenith Bank (Ghana) Limited,ZENITH_BANK_GHANA_LIMITED,2021,75.0,74.80556744850938,0.1944325514906211,0.2510753352210213,1.2241250492740518e-05,0.03116720869968988,False
Ecobank Ghana PLC,ECOBANK_GHANA_PLC,2023,87.5,87.703243921215,-0.20324392121500523,0.23422653548940747,1.1935226062944382e-05,-0.03221926473941873,False
Fidelity Bank Ghana Limited,FIDELITY_BANK_GHANA_LIMITED,2023,100.0,99.81889092680763,0.18110907319237413,0.238580466735965,9.763989928678309e-06,0.02879225899321394,False
Guaranty Trust Bank (Ghana) Limited,GUARANTY_TRUST_BANK_GHANA_LIMITED,2023,75.0,74.82225358962647,0.17774641037352978,0.2403064984177512,9.515912071577987e-06,0.02828974802228214,False
Zenith Bank (Ghana) Limited,ZENITH_BANK_GHANA_LIMITED,2020,75.0,75.08855614773086,-0.08855614773085563,0.2388138889821323,2.3381660644339723e-06,-0.014080522902285066,False
Standard Chartered Bank Ghana PLC,STANDARD_CHARTERED_BANK_GHANA_PLC,2022,100.0,99.92059031315497,0.07940968684502536,0.2564610633691532,2.1160261181085026e-06,0.012775179372183355,False
