bank_id,bank,year,source_file,source_sha256,report_status,text_status,ori1,ori2,ori3,ori4,ori5,ori6,ori7,ori8,ori_score,total_assets,total_assets_confidence,total_liabilities,total_liabilities_confidence,cash_and_cash_equivalents,cash_and_cash_equivalents_confidence,profit_after_tax,profit_after_tax_confidence,capital_adequacy_ratio,capital_adequacy_ratio_confidence,npl_ratio,npl_ratio_confidence,firm_size_ln_assets,roa,liquidity_ratio,leverage_ratio,board_total,independent_directors,board_independence,board_coding_status,row_validation_status
ABSA_BANK_GHANA_PLC,Absa Bank Ghana PLC,2020,Absa Bank Ghana PLC - 2020 - Annual Report.pdf,51b9f81efeb9cb93ca9164768ae26d9e7521e0f37f2a25f0931aeda40e24ccbf,verified_full_report,searchable,1.0,1.0,1.0,1.0,1.0,1.0,1.0,1.0,100.0,12546473000.0,high,10598067000.0,high,1510299000.0,high,471128000.0,medium,22.68,medium,7.7,medium,23.25270542716965,0.0375506327555162,0.1203763798798275,0.844704882400018,8.0,4.0,0.5,independently_adjudicated_year_end_composition,verified_core_complete_third_pass
ABSA_BANK_GHANA_PLC,Absa Bank Ghana PLC,2021,Absa Bank Ghana PLC - 2021 - Annual Report.pdf,ab6df60386a81e7f9ea6c464120a46120b8d038234b73fd5951cfaa1357af949,verified_full_report,searchable,1.0,1.0,1.0,1.0,1.0,1.0,1.0,1.0,100.0,16037548000.0,high,13739885000.0,high,2858669000.0,high,692519000.0,medium,23.09,medium,7.2,medium,23.49819855986888,0.0431811022482988,0.1782485078142868,0.8567322760312237,8.0,5.0,0.625,independently_adjudicated_year_end_composition,verified_core_complete_third_pass
ABSA_BANK_GHANA_PLC,Absa Bank Ghana PLC,2022,Absa Bank Ghana PLC - 2022 - Annual Report.pdf,327ef8bc32755aa7756ebfd0f5eb6317e19a06408dba169b44ce19bd07d3b75b,verified_full_report,searchable,1.0,1.0,1.0,1.0,1.0,1.0,1.0,1.0,100.0,17102274000.0,high,14963943000.0,high,3849838000.0,high,-429169000.0,verified_statement_line_second_pass,19.47,medium,16.0,medium,23.56247727406978,-0.0250942652421543,0.225106789892385,0.8749680305671632,8.0,5.0,0.625,independently_adjudicated_year_end_composition,verified_core_complete_third_pass
ABSA_BANK_GHANA_PLC,Absa Bank Ghana PLC,2023,Absa Bank Ghana PLC - 2023 - Annual Report.pdf,dc42d262937403d43518a3d3b9eec3da5fd7dfd0a8a4558f5e1fa81d9c176e8e,verified_full_report,searchable,1.0,1.0,1.0,1.0,1.0,1.0,1.0,1.0,100.0,21490932000.0,high,18515621000.0,high,8438363000.0,high,1136695000.0,medium,20.18,medium,15.1,medium,23.790896915669265,0.0528918429410134,0.3926476059763252,0.8615550502881867,9.0,5.0,0.5555555555555556,independently_adjudicated_year_end_composition,verified_core_complete_third_pass
ABSA_BANK_GHANA_PLC,Absa Bank Ghana PLC,2024,Absa Bank Ghana PLC - 2024 - Annual Report.pdf,78fc476226e929f29c59054f445720d0da08ef93c43b25abecf6500f8240ccb2,verified_full_report,searchable,1.0,1.0,1.0,1.0,1.0,1.0,1.0,1.0,100.0,27341756000.0,high,23163726000.0,high,9847398000.0,high,1194729000.0,comparative_candidate,7.5,medium,15.5,medium,24.031680894416684,0.0436961327575302,0.3601596766498831,0.8471923310265808,10.0,4.0,0.4,independently_adjudicated_year_end_composition,verified_core_complete_third_pass
ABSA_BANK_GHANA_PLC,Absa Bank Ghana PLC,2025,Absa Bank Ghana PLC - 2025 - Annual Report.pdf,3a5a523ef7d84c213693cd22e1e8344ffedf7b8e96a2b63fe3920beab70ea11c,verified_full_report,searchable,1.0,1.0,1.0,1.0,1.0,1.0,1.0,1.0,100.0,31529847000.0,high,25556763000.0,high,9701763000.0,high,1762411000.0,medium,7.4,medium,16.98,medium,24.1742004579702,0.0558965922035714,0.3077009222404409,0.8105577867218956,11.0,4.0,0.3636363636363636,independently_adjudicated_year_end_composition,verified_core_complete_third_pass
ACCESS_BANK_GHANA_PLC,Access Bank (Ghana) PLC,2020,Access Bank (Ghana) PLC - 2020 - Annual Report.pdf,3c75dfc526381992c5936747fe75564f322a057ec7882530151a71f080a68d42,verified_full_report,searchable,1.0,1.0,1.0,1.0,1.0,1.0,1.0,1.0,100.0,5823778000.0,high,4771659000.0,high,973734000.0,verified_statement_line_second_pass,240792000.0,comparative_candidate,,low,,low,22.485215028982413,0.0413463562656406,0.1671997112527297,0.8193408127851027,6.0,2.0,0.3333333333333333,independently_adjudicated_year_end_composition,verified_core_complete_third_pass
ACCESS_BANK_GHANA_PLC,Access Bank (Ghana) PLC,2021,Access Bank (Ghana) PLC - 2021 - Annual Report.pdf,5971dccd44be83abc8d45b277cd5646273cb6ad50dc1dc42b2f7449271934f90,verified_full_report,searchable,1.0,1.0,1.0,1.0,1.0,1.0,1.0,1.0,100.0,7491295000.0,high,6128726000.0,high,969529000.0,high,321578000.0,medium,,low,,low,22.7370075167268,0.0429268904775476,0.1294207476811419,0.8181130231822402,9.0,5.0,0.5555555555555556,independently_adjudicated_year_end_composition,verified_core_complete_third_pass
ACCESS_BANK_GHANA_PLC,Access Bank (Ghana) PLC,2022,Access Bank (Ghana) PLC - 2022 - Annual Report.pdf,6bf2487c5441f30df4f08d4ae973f73de6bef7f0f3591c78f1ceac8c02512be3,verified_full_report,searchable,1.0,1.0,1.0,1.0,1.0,1.0,1.0,1.0,100.0,10057221000.0,high,9043018000.0,high,3084820000.0,high,-338135000.0,medium,,low,,low,23.031556720911272,-0.0336211166086536,0.3067268781306486,0.8991567352452532,11.0,5.0,0.4545454545454545,independently_adjudicated_year_end_composition,verified_core_complete_third_pass
ACCESS_BANK_GHANA_PLC,Access Bank (Ghana) PLC,2023,Access Bank (Ghana) PLC - 2023 - Annual Report.pdf,ec6cc9ade29d88a80ef1457860552e43d326ea5fafe462965304c3bf68a0c483,verified_full_report,searchable,1.0,1.0,1.0,1.0,1.0,1.0,1.0,1.0,100.0,12304262000.0,high,10901525000.0,high,2657202000.0,high,618465000.0,medium,13.0,medium,,low,23.233211543371155,0.050264290536076,0.2159578526530075,0.885995844366773,10.0,5.0,0.5,independently_adjudicated_year_end_composition,verified_core_complete_third_pass
ACCESS_BANK_GHANA_PLC,Access Bank (Ghana) PLC,2024,Access Bank (Ghana) PLC - 2024 - Annual Report.pdf,a964213ae81a6132909379595f9b8053ae82bd28981e756976c7baa9da068973,verified_full_report,ocr_or_visual_review_required,1.0,1.0,1.0,1.0,1.0,1.0,1.0,1.0,100.0,16561742000.0,comparative_candidate,14804021000.0,verified_statement_line_second_pass,3944691000.0,comparative_candidate,536912000.0,comparative_candidate,,low,,low,23.53036117360782,0.0324188119824593,0.2381809232386303,0.8938685918425731,10.0,5.0,0.5,independently_adjudicated_year_end_composition,verified_core_complete_third_pass
ACCESS_BANK_GHANA_PLC,Access Bank (Ghana) PLC,2025,Access Bank (Ghana) PLC - 2025 - Annual Report.pdf,112b75ef186dba082fb5291920c4f42fef40b68ef681ee78fd56ddfb075b1454,verified_full_report,searchable,1.0,1.0,1.0,1.0,1.0,1.0,1.0,1.0,100.0,19022897000.0,high,16978465000.0,verified_statement_line_second_pass,4137039000.0,high,286469000.0,medium,,low,,low,23.66890919581952,0.0150591679069702,0.2174768122857417,0.8925278310658992,9.0,6.0,0.6666666666666666,independently_adjudicated_year_end_composition,verified_core_complete_third_pass
AGRICULTURAL_DEVELOPMENT_BANK_ADB_PLC,Agricultural Development Bank (ADB) PLC,2020,Agricultural Development Bank (ADB) PLC - 2020 - Annual Report.pdf,0f7048540945eb70caee35968c7dd5ea523197c2aa01856450ae941b905d7400,verified_full_report,searchable,1.0,1.0,1.0,1.0,1.0,1.0,1.0,0.0,87.5,5715794000.0,high,4865171000.0,verified_statement_line_second_pass,1392493000.0,verified_statement_line_second_pass,65403000.0,high,5.7,medium,34.4,medium,22.46649905717636,0.011442504750871,0.2436219709807596,0.8511802559714363,8.0,3.0,0.375,independently_adjudicated_year_end_composition,verified_core_complete_third_pass
AGRICULTURAL_DEVELOPMENT_BANK_ADB_PLC,Agricultural Development Bank (ADB) PLC,2021,Agricultural Development Bank (ADB) PLC - 2021 - Annual Report.pdf,71d292c23f6564d9b8a03365a7a544f274fdd6f254710e9047987a99057f4efd,verified_full_report,searchable,1.0,1.0,1.0,1.0,1.0,1.0,1.0,0.0,87.5,6454119000.0,high,5515864000.0,verified_statement_line_second_pass,1111677000.0,verified_statement_line_second_pass,81602000.0,high,5.7,medium,31.21,medium,22.58798436858408,0.0126433987349783,0.1722430280569664,0.8546269444365684,9.0,4.0,0.4444444444444444,independently_adjudicated_year_end_composition,verified_core_complete_third_pass
AGRICULTURAL_DEVELOPMENT_BANK_ADB_PLC,Agricultural Development Bank (ADB) PLC,2022,Agricultural Development Bank (ADB) PLC - 2022 - Annual Report.pdf,cd8390478972af5f46cd368165eacc4ae36c8f093803b376f964c37891662cae,verified_full_report,searchable,1.0,1.0,0.0,1.0,1.0,1.0,1.0,0.0,75.0,7412720000.0,medium,6754530000.0,verified_statement_line_second_pass,1983532000.0,verified_statement_line_second_pass,-371280000.0,medium,5.7,medium,29.74,medium,22.726463280425104,-0.0500868776913197,0.2675849081039079,0.9112080315997366,9.0,4.0,0.4444444444444444,independently_adjudicated_year_end_composition,verified_core_complete_third_pass
AGRICULTURAL_DEVELOPMENT_BANK_ADB_PLC,Agricultural Development Bank (ADB) PLC,2023,Agricultural Development Bank (ADB) PLC - 2023 - Annual Report.pdf,39cdb7f0060c1d9f63574350952d683d2acafca1f69282f54a6ae0b8bba75702,verified_full_report,searchable,1.0,1.0,0.0,1.0,1.0,1.0,1.0,0.0,75.0,9312647000.0,medium,9414943000.0,medium,3800040000.0,verified_statement_line_second_pass,-828820000.0,medium,5.7,medium,31.39,medium,22.9546392057624,-0.0889994004926848,0.4080515453876862,1.0109846319741316,9.0,4.0,0.4444444444444444,independently_adjudicated_year_end_composition,verified_core_complete_third_pass
AGRICULTURAL_DEVELOPMENT_BANK_ADB_PLC,Agricultural Development Bank (ADB) PLC,2024,Agricultural Development Bank (ADB) PLC - 2024 - Annual Report.pdf,e200ffee66403f1f1e2772ad0abf2ad451772bf13fef2f2f52e276fdb7159b8b,verified_full_report,searchable,1.0,1.0,0.0,1.0,1.0,1.0,1.0,0.0,75.0,14604777000.0,medium,13326732000.0,medium,7176917000.0,medium,35061000.0,medium,5.7,medium,75.36,medium,23.404614503925966,0.0024006528822726,0.4914088725901121,0.912491303359168,7.0,3.0,0.4285714285714285,independently_adjudicated_year_end_composition,verified_core_complete_third_pass
AGRICULTURAL_DEVELOPMENT_BANK_ADB_PLC,Agricultural Development Bank (ADB) PLC,2025,Agricultural Development Bank (ADB) PLC - 2025 - Annual Report.pdf,3e8356a00ddec73ba3640f6487d73aea6863a7d1c7e9e3090e841c7b74d904d4,verified_full_report,ocr_or_visual_review_required,1.0,1.0,0.0,1.0,1.0,1.0,1.0,0.0,75.0,17887521000.0,visually_verified,15409682000.0,visually_verified,9902445000.0,visually_verified,367291000.0,visually_verified,,low,,low,23.607369155832483,0.0205333651320381,0.5535951572048469,0.8614766685668741,8.0,3.0,0.375,independently_adjudicated_year_end_composition,verified_core_complete_third_pass
CALBANK_PLC,CalBank PLC,2020,CalBank PLC - 2020 - Annual Report.pdf,8d2b7f64d8a8f3f063619f183edea40a2639b9ed0b3e3d81d24a9fed1f173186,verified_full_report,searchable,1.0,1.0,1.0,1.0,1.0,1.0,1.0,1.0,100.0,7903415000.0,verified_statement_line_second_pass,6791481000.0,verified_statement_line_second_pass,1211761000.0,verified_statement_line_second_pass,206969000.0,verified_statement_line_second_pass,22.5,medium,9.9,high,22.79056078149497,0.0261872873941201,0.1533211909029198,0.8593096781581127,11.0,8.0,0.7272727272727273,independently_adjudicated_year_end_composition,verified_core_complete_third_pass
CALBANK_PLC,CalBank PLC,2021,CalBank PLC - 2021 - Annual Report.pdf,1394fb4ffe7aa6e631caf5b073bad6991efb9fae9364e5849178440d75549c39,verified_full_report,searchable,1.0,1.0,1.0,1.0,1.0,1.0,1.0,1.0,100.0,10012378000.0,verified_statement_line_second_pass,8754700000.0,verified_statement_line_second_pass,1307694000.0,verified_statement_line_second_pass,215239000.0,verified_statement_line_second_pass,21.9,medium,13.5,high,23.02708796449761,0.0214972906536289,0.1306077337471677,0.874387682926074,11.0,8.0,0.7272727272727273,independently_adjudicated_year_end_composition,verified_core_complete_third_pass
CALBANK_PLC,CalBank PLC,2022,CalBank PLC - 2022 - Annual Report.pdf,eff07cde10242f9a7cf948a8057bf02e09eb304a863c69046b6274dc5d15ae8e,verified_full_report,searchable,1.0,1.0,1.0,1.0,1.0,1.0,1.0,1.0,100.0,9219254000.0,verified_statement_line_second_pass,8722745000.0,verified_statement_line_second_pass,2008870000.0,verified_statement_line_second_pass,-815200000.0,verified_statement_line_second_pass,24.5,medium,11.2,high,22.94455996017853,-0.0884236403509438,0.2178994092146718,0.9461443409629456,12.0,8.0,0.6666666666666666,independently_adjudicated_year_end_composition,verified_core_complete_third_pass
CALBANK_PLC,CalBank PLC,2023,CalBank PLC - 2023 - Annual Report.pdf,901b62f02751342f06fda5f3aaffafcaf3152a396f2f942adc49ea356c5fbbf1,verified_full_report,searchable,1.0,1.0,1.0,1.0,1.0,1.0,1.0,1.0,100.0,9869433000.0,verified_statement_line_second_pass,10054336000.0,verified_statement_line_second_pass,2320963000.0,verified_statement_line_second_pass,-680278000.0,verified_statement_line_second_pass,11.9,medium,11.2,high,23.01270824193316,-0.068927769204168,0.2351668023887491,1.0187349161800885,10.0,8.0,0.8,independently_adjudicated_year_end_composition,verified_core_complete_third_pass
CALBANK_PLC,CalBank PLC,2024,CalBank PLC - 2024 - Annual Report.pdf,d6ec81d2813dacd6b4d7ad84dd600c280153f69d342145d1b0b038c8a60cada9,verified_full_report,searchable,1.0,1.0,1.0,1.0,1.0,1.0,1.0,1.0,100.0,11658694000.0,verified_statement_line_second_pass,11441358000.0,verified_statement_line_second_pass,2808619000.0,verified_statement_line_second_pass,256393000.0,verified_statement_line_second_pass,9.9,medium,33.2,high,23.17931800473446,0.0219915712686172,0.240903397927761,0.9813584609047976,6.0,4.0,0.6666666666666666,independently_adjudicated_year_end_composition,verified_core_complete_third_pass
CALBANK_PLC,CalBank PLC,2025,CalBank PLC - 2025 - Annual Report.pdf,78fb8b286e7ceee81461f22f6ca0de7e5fe81e78fdc4420ee894807632f27d47,verified_full_report,searchable,1.0,1.0,1.0,1.0,1.0,1.0,1.0,1.0,100.0,11899483000.0,verified_statement_line_second_pass,10371041000.0,verified_statement_line_second_pass,1743518000.0,verified_statement_line_second_pass,306412000.0,verified_statement_line_second_pass,7.22,medium,31.0,medium,23.19976079074197,0.0257500262826544,0.146520483284862,0.8715539154096023,7.0,3.0,0.4285714285714285,independently_adjudicated_year_end_composition,verified_core_complete_third_pass
CONSOLIDATED_BANK_GHANA_CBG_LIMITED,Consolidated Bank Ghana (CBG) Limited,2020,Consolidated Bank Ghana (CBG) Limited - 2020 - Annual Report.pdf,2010657e4b901966ba45fa20218f1005540ae80950e71238583b288cb7352221,verified_full_report,searchable,1.0,1.0,0.0,1.0,1.0,1.0,1.0,0.0,75.0,9961762000.0,high,9398214000.0,high,769178000.0,medium,46321000.0,medium,19.76,medium,,low,23.02201980052713,0.0046498802119544,0.0772130472500748,0.943428883364208,7.0,6.0,0.8571428571428571,independently_adjudicated_year_end_composition,verified_core_complete_third_pass
CONSOLIDATED_BANK_GHANA_CBG_LIMITED,Consolidated Bank Ghana (CBG) Limited,2021,Consolidated Bank Ghana (CBG) Limited - 2021 - Annual Report.pdf,d8da04838785ae3dd950d8d0f588a1211b7cb34f3a63ce7f66e31150cb54c8dd,verified_full_report,ocr_or_visual_review_required,1.0,1.0,0.0,1.0,1.0,1.0,1.0,0.0,75.0,10751164000.0,comparative_candidate,9949619000.0,comparative_candidate,796638000.0,verified_statement_line_second_pass,72261000.0,comparative_candidate,,low,,low,23.09827986472809,0.0067212257203034,0.0740978372202302,0.9254457470837576,8.0,7.0,0.875,independently_adjudicated_year_end_composition,verified_core_complete_third_pass
CONSOLIDATED_BANK_GHANA_CBG_LIMITED,Consolidated Bank Ghana (CBG) Limited,2022,Consolidated Bank Ghana (CBG) Limited - 2022 - Annual Report.pdf,4492f7c84e4c13eabb13a4a63507590b13c02e31478b02f1fc252644b6b1c51b,verified_full_report,searchable,1.0,1.0,0.0,1.0,1.0,1.0,1.0,0.0,75.0,10616368000.0,high,11329251000.0,high,1928562000.0,verified_statement_line_second_pass,-1505456000.0,verified_statement_line_second_pass,4.45,medium,,low,23.08566279803264,-0.1418051823373116,0.18165930193829,1.0671494243605724,9.0,8.0,0.8888888888888888,independently_adjudicated_year_end_composition,verified_core_complete_third_pass
CONSOLIDATED_BANK_GHANA_CBG_LIMITED,Consolidated Bank Ghana (CBG) Limited,2023,Consolidated Bank Ghana (CBG) Limited - 2023 - Annual Report.pdf,cc5187778132acdb39d85456b11f8330808ea01fa94363ec45ed004afa11d9bc,verified_full_report,searchable,1.0,1.0,0.0,1.0,1.0,1.0,1.0,0.0,75.0,13691904000.0,high,12447749000.0,high,1229760000.0,verified_statement_line_second_pass,-542962000.0,verified_statement_line_second_pass,23.52,medium,,low,23.34007054619625,-0.0396556972646024,0.0898165806596365,0.9091320681185028,10.0,9.0,0.9,independently_adjudicated_year_end_composition,verified_core_complete_third_pass
CONSOLIDATED_BANK_GHANA_CBG_LIMITED,Consolidated Bank Ghana (CBG) Limited,2024,Consolidated Bank Ghana (CBG) Limited - 2024 - Annual Report.pdf,6ba52ecd9959776346c79ab8bf9456b5460bda7f864ccb75268259d7787736d4,verified_full_report,searchable,1.0,1.0,1.0,1.0,1.0,1.0,1.0,0.0,87.5,16638057000.0,high,15343597000.0,high,3888381000.0,verified_statement_line_second_pass,88719000.0,medium,14.82,medium,,low,23.53495849869477,0.0053322933080467,0.2337040316666783,0.9221988480986693,7.0,6.0,0.8571428571428571,independently_adjudicated_year_end_composition,verified_core_complete_third_pass
CONSOLIDATED_BANK_GHANA_CBG_LIMITED,Consolidated Bank Ghana (CBG) Limited,2025,Consolidated Bank Ghana (CBG) Limited - 2025 - Annual Report.pdf,812eb00d41be50db9059e14aae4699bad655c4d699dd3399fd7f0c474e088624,verified_full_report,searchable,1.0,1.0,0.0,1.0,1.0,1.0,1.0,1.0,87.5,17857592000.0,high,16360512000.0,high,4926174000.0,verified_statement_line_second_pass,7384000.0,high,14.3,medium,,low,23.60569457687709,0.0004134935998089,0.2758588055993216,0.9161656286021094,9.0,3.0,0.3333333333333333,independently_adjudicated_year_end_composition,verified_core_complete_third_pass
ECOBANK_GHANA_PLC,Ecobank Ghana PLC,2020,Ecobank Ghana PLC - 2020 - Annual Report.pdf,12bf6455efcec0f05e3c17ffdc30c6e3323363554a4f39b849d875dfcaabe0a6,verified_full_report,searchable,1.0,1.0,1.0,1.0,1.0,1.0,1.0,0.0,87.5,15882414000.0,high,13459027000.0,high,3813114000.0,verified_statement_line_second_pass,543817000.0,high,19.57,medium,,low,23.488478296325624,0.0342401979950906,0.2400840325658303,0.847416960671092,8.0,6.0,0.75,independently_adjudicated_year_end_composition,verified_core_complete_third_pass
ECOBANK_GHANA_PLC,Ecobank Ghana PLC,2021,Ecobank Ghana PLC - 2021 - Annual Report.pdf,deb34a1f6c317913f966f915de0cc710ed2df877c9f9641eb382d529a66c8aff,verified_full_report,searchable,1.0,1.0,1.0,0.0,1.0,1.0,1.0,0.0,75.0,17856679000.0,high,15200263000.0,verified_statement_line_second_pass,2870571000.0,verified_statement_line_second_pass,579442000.0,high,20.41,medium,,low,23.60564344885601,0.0324495949106774,0.1607561518017992,0.8512368397281488,8.0,5.0,0.625,independently_adjudicated_year_end_composition,verified_core_complete_third_pass
ECOBANK_GHANA_PLC,Ecobank Ghana PLC,2022,Ecobank Ghana PLC - 2022 - Annual Report.pdf,0c64f7d03247d6c426909f1a74c49c2d919e1d3fd16e0d2dc8d98047ccd04e64,verified_full_report,searchable,1.0,1.0,1.0,1.0,1.0,1.0,1.0,1.0,100.0,25774085000.0,medium,23113457000.0,verified_statement_line_second_pass,6443617000.0,verified_statement_line_second_pass,-33545000.0,verified_statement_line_second_pass,15.03,medium,,low,23.97263536670428,-0.001301501100815,0.2500037149718409,0.8967711947873223,7.0,4.0,0.5714285714285714,independently_adjudicated_year_end_composition,verified_core_complete_third_pass
ECOBANK_GHANA_PLC,Ecobank Ghana PLC,2023,Ecobank Ghana PLC - 2023 - Annual Report.pdf,a1c68aebeb38180784144c1ce53b467fa27cc0ff16bde1ca5f5f2409dbab07d3,verified_full_report,searchable,1.0,1.0,1.0,1.0,1.0,1.0,1.0,0.0,87.5,33520636000.0,high,29916955000.0,verified_statement_line_second_pass,11255251000.0,verified_statement_line_second_pass,619479000.0,verified_statement_line_second_pass,13.65,medium,,low,24.23542708612731,0.018480526443472,0.3357708069739488,0.8924936567432671,8.0,5.0,0.625,independently_adjudicated_year_end_composition,verified_core_complete_third_pass
ECOBANK_GHANA_PLC,Ecobank Ghana PLC,2024,Ecobank Ghana PLC - 2024 - Annual Report.pdf,b3642694cf3d0c587acaba3cdb130a7422f556995eeae347b4fb47a4bf4a4e7d,verified_full_report,searchable,1.0,1.0,0.0,1.0,1.0,1.0,1.0,0.0,75.0,45651283000.0,high,40322512000.0,high,20647016000.0,high,1687110000.0,verified_statement_line_second_pass,17.18,medium,,low,24.54429754874031,0.0369564640713383,0.4522767958131647,0.8832722620304012,6.0,4.0,0.6666666666666666,independently_adjudicated_year_end_composition,verified_core_complete_third_pass
ECOBANK_GHANA_PLC,Ecobank Ghana PLC,2025,Ecobank Ghana PLC - 2025 - Annual Report.pdf,63250e8b2b314e958c61f823449c6b7a4924758817a504896efd36c8609b760f,verified_full_report,searchable,1.0,1.0,1.0,1.0,1.0,1.0,1.0,1.0,100.0,46076237000.0,high,39002429000.0,verified_statement_line_second_pass,14871185000.0,verified_statement_line_second_pass,1792352000.0,high,21.48,medium,22.7,medium,24.55356318767311,0.0388997044181364,0.322751725580368,0.8464760045400409,7.0,3.0,0.4285714285714285,independently_adjudicated_year_end_composition,verified_core_complete_third_pass
FIDELITY_BANK_GHANA_LIMITED,Fidelity Bank Ghana Limited,2020,Fidelity Bank Ghana Limited - 2020 - Annual Report.pdf,08291f55050d8407878ee210d2a5d9460da19c48bc88541b432c6fc39564321c,verified_full_report,searchable,1.0,1.0,1.0,1.0,1.0,1.0,1.0,1.0,100.0,9250849000.0,high,8250425000.0,high,1439323000.0,verified_statement_line_second_pass,252097000.0,high,13.0,medium,,low,22.947981168042656,0.0272512285088644,0.1555882060122265,0.8918559799214104,9.0,3.0,0.3333333333333333,independently_adjudicated_year_end_composition,verified_core_complete_third_pass
FIDELITY_BANK_GHANA_LIMITED,Fidelity Bank Ghana Limited,2021,Fidelity Bank Ghana Limited - 2021 - Annual Report.pdf,4b6ebadaed7934568f32eb8e180510924bce242cad3948eb0c5b1e717da540a0,verified_full_report,searchable,1.0,1.0,1.0,1.0,1.0,1.0,1.0,1.0,100.0,13349840000.0,high,12107900000.0,high,2767433000.0,verified_statement_line_second_pass,341520000.0,high,16.6,medium,,low,23.314770236702124,0.0255823290766031,0.2073008365643333,0.9069696715466252,8.0,3.0,0.375,independently_adjudicated_year_end_composition,verified_core_complete_third_pass
FIDELITY_BANK_GHANA_LIMITED,Fidelity Bank Ghana Limited,2022,Fidelity Bank Ghana Limited - 2022 - Annual Report.pdf,6da21787bbf7bae71e2b95f34f6f00ca59bf4b3dc014e1bfc9dddf900a7dbc57,verified_full_report,searchable,1.0,1.0,1.0,1.0,1.0,1.0,1.0,1.0,100.0,13785897000.0,high,13129520000.0,verified_statement_line_second_pass,3421897000.0,verified_statement_line_second_pass,-388585000.0,verified_statement_line_second_pass,13.0,medium,,low,23.34691195003421,-0.0281871393642357,0.2482172179293084,0.9523877916685436,9.0,3.0,0.3333333333333333,independently_adjudicated_year_end_composition,verified_core_complete_third_pass
FIDELITY_BANK_GHANA_LIMITED,Fidelity Bank Ghana Limited,2023,Fidelity Bank Ghana Limited - 2023 - Annual Report.pdf,271b260bc41a1052c3655d94d5aee70b2d3ecd26b5de2aeb24931ca2800b2c31,verified_full_report,searchable,1.0,1.0,1.0,1.0,1.0,1.0,1.0,1.0,100.0,17220009000.0,high,15779550000.0,high,5208765000.0,verified_statement_line_second_pass,750825000.0,verified_statement_line_second_pass,13.0,medium,,low,23.569337858593943,0.0436018935878604,0.3024832913850393,0.9163496952876156,9.0,3.0,0.3333333333333333,independently_adjudicated_year_end_composition,verified_core_complete_third_pass
FIDELITY_BANK_GHANA_LIMITED,Fidelity Bank Ghana Limited,2024,Fidelity Bank Ghana Limited - 2024 - Annual Report.pdf,f2e05ef70a5c0b9524564c0caa4fe349211f10a4ed5806985ebe36e68f267ca2,verified_full_report,searchable,1.0,1.0,1.0,1.0,1.0,1.0,1.0,1.0,100.0,22114072000.0,high,20043098000.0,high,9849312000.0,verified_statement_line_second_pass,772159000.0,high,14.38,medium,,low,23.81947998491734,0.0349170880876213,0.4453866298346139,0.9063503998720814,9.0,4.0,0.4444444444444444,independently_adjudicated_year_end_composition,verified_core_complete_third_pass
FIDELITY_BANK_GHANA_LIMITED,Fidelity Bank Ghana Limited,2025,Fidelity Bank Ghana Limited - 2025 - Annual Report.pdf,cc219d695b7e6c9818f86a3b0aa6e86a68a91a9fe3d1af8706d332b67e9b910b,verified_full_report,searchable,1.0,1.0,1.0,1.0,1.0,1.0,1.0,1.0,100.0,25982029000.0,high,23212276000.0,high,8380689000.0,verified_statement_line_second_pass,916822000.0,high,22.86,medium,3.3,medium,23.980670943676667,0.0352867745625255,0.3225571413225657,0.8933973555337037,9.0,4.0,0.4444444444444444,independently_adjudicated_year_end_composition,verified_core_complete_third_pass
FIRST_ATLANTIC_BANK_PLC,First Atlantic Bank PLC,2020,First Atlantic Bank PLC - 2020 - Annual Report.pdf,99869c5df3711d1bf49e5e8e103d426802f7a67acc5bae00e45bfefaea78bbc6,verified_full_report,searchable,1.0,1.0,0.0,1.0,1.0,1.0,1.0,1.0,87.5,3363147051.0,high,2764359872.0,high,771158318.0,verified_statement_line_second_pass,85813270.0,comparative_candidate,27.0,medium,,low,21.93614299488596,0.0255157650553769,0.2292966398155868,0.8219562897727126,10.0,7.0,0.7,independently_adjudicated_year_end_composition,verified_core_complete_third_pass
FIRST_ATLANTIC_BANK_PLC,First Atlantic Bank PLC,2021,First Atlantic Bank PLC - 2021 - Annual Report.pdf,398b0d983babc550036b79d157308e0c5ea96bb7882628324aae25d33b73b1f0,verified_full_report,searchable,1.0,1.0,0.0,1.0,1.0,1.0,1.0,1.0,87.5,4675000735.0,verified_statement_line_second_pass,3959855811.0,verified_statement_line_second_pass,961688658.0,verified_statement_line_second_pass,116357745.0,high,22.4,medium,,low,22.2654951569063,0.0248893533061658,0.2057087715088883,0.8470278477934827,10.0,7.0,0.7,independently_adjudicated_year_end_composition,verified_core_complete_third_pass
FIRST_ATLANTIC_BANK_PLC,First Atlantic Bank PLC,2022,First Atlantic Bank PLC - 2022 - Annual Report.pdf,14c9016fd50b9f2868844b3fd1f1d545751944d4102d970dfe573b0d1592b828,verified_full_report,searchable,1.0,1.0,1.0,1.0,1.0,1.0,1.0,1.0,100.0,7428291414.0,high,6459037750.0,high,1990143317.0,verified_statement_line_second_pass,-157448.0,verified_statement_line_second_pass,17.88,medium,,low,22.728561711492848,-2.119572203417597e-05,0.2679140068803983,0.8695186268307594,10.0,7.0,0.7,independently_adjudicated_year_end_composition,verified_core_complete_third_pass
FIRST_ATLANTIC_BANK_PLC,First Atlantic Bank PLC,2023,First Atlantic Bank PLC - 2023 - Annual Report.pdf,6eaee0ff9340aed4ae2d64fc9e87a221777d99ec833fff6a2f24af58926d1e73,verified_full_report,searchable,1.0,1.0,0.0,1.0,1.0,1.0,1.0,1.0,87.5,10466259078.0,high,9206103975.0,high,3226880613.0,verified_statement_line_second_pass,290901439.0,high,16.98,medium,,low,23.07142249884191,0.0277942134655803,0.308312701697102,0.8795983270040738,10.0,4.0,0.4,independently_adjudicated_year_end_composition,verified_core_complete_third_pass
FIRST_ATLANTIC_BANK_PLC,First Atlantic Bank PLC,2024,First Atlantic Bank PLC - 2024 - Annual Report.pdf,9d0b01564f16a5c310db67d37e582f9f09a6f251ba282271c23160709b629ae6,summary_only_financials_recovered_from_2025_comparative,searchable,,,,,,,,,,13323324552.0,verified_2025_audited_comparative,11726490921.0,verified_2025_audited_comparative,4600045233.0,verified_2025_audited_comparative,336678528.0,verified_2025_audited_comparative,18.0,medium,,low,23.312782061907,0.0252698586367064,0.345262566790019,0.8801475093721788,,,,not_codable_from_available_source,financial_only_summary_excluded_from_complete_case
FIRST_ATLANTIC_BANK_PLC,First Atlantic Bank PLC,2025,First Atlantic Bank PLC - 2025 - Annual Report.pdf,fd0512f751d14be0ebd2687e5bd275ae1d2ee35d2ea7540549c4bebb616cdc08,verified_full_report,searchable,1.0,1.0,1.0,1.0,1.0,1.0,1.0,1.0,100.0,19191093231.0,verified_statement_line_second_pass,16983459130.0,verified_statement_line_second_pass,8098376365.0,verified_statement_line_second_pass,483606994.0,high,20.61,medium,,low,23.677712114129186,0.025199554198341,0.4219861926322377,0.8849656934898353,9.0,4.0,0.4444444444444444,independently_adjudicated_year_end_composition,verified_core_complete_third_pass
GCB_BANK_PLC,GCB Bank PLC,2020,GCB Bank PLC - 2020 - Annual Report.pdf,9fe548d63af16f2d4297a908aafca02ff0bc6988032f051fcff78b8673a2f698,verified_full_report,searchable,1.0,1.0,0.0,1.0,1.0,1.0,1.0,1.0,87.5,15324656000.0,verified_statement_line_second_pass,13275364000.0,verified_statement_line_second_pass,1567241000.0,verified_statement_line_second_pass,439501000.0,medium,20.67,medium,1.0,medium,23.45272887153469,0.028679338707505,0.1022692450649463,0.8662748449296349,12.0,3.0,0.25,independently_adjudicated_year_end_composition,verified_core_complete_third_pass
GCB_BANK_PLC,GCB Bank PLC,2021,GCB Bank PLC - 2021 - Annual Report.pdf,5e627679301664acf04c6a023336a51206bc77019e1d0228e35b6daf542b7b36,verified_full_report,searchable,1.0,1.0,0.0,1.0,1.0,1.0,1.0,1.0,87.5,18260281000.0,verified_statement_line_second_pass,15713249000.0,verified_statement_line_second_pass,2301092000.0,verified_statement_line_second_pass,556667000.0,verified_statement_line_second_pass,20.67,medium,8.71,medium,23.627994100822868,0.0304851278027977,0.1260162425758946,0.8605151804618998,12.0,3.0,0.25,independently_adjudicated_year_end_composition,verified_core_complete_third_pass
GCB_BANK_PLC,GCB Bank PLC,2022,GCB Bank PLC - 2022 - Annual Report.pdf,725cba5093eb993f7e25b8ae83d2b47c089c12fd46c1572c9ab715594bb095b8,verified_full_report,searchable,1.0,1.0,1.0,1.0,1.0,1.0,1.0,1.0,100.0,21357121000.0,verified_statement_line_second_pass,19510635000.0,verified_statement_line_second_pass,4476878000.0,verified_statement_line_second_pass,-555798000.0,verified_statement_line_second_pass,20.9,medium,15.98,medium,23.784651057309944,-0.0260240132553446,0.2096199202130287,0.913542373056743,13.0,3.0,0.2307692307692307,independently_adjudicated_year_end_composition,verified_core_complete_third_pass
GCB_BANK_PLC,GCB Bank PLC,2023,GCB Bank PLC - 2023 - Annual Report.pdf,ab6a5c9253cbdcc22bf5747d8fcb27f4a0021c27f457aa59fca6f354b6592dc2,verified_full_report,searchable,1.0,1.0,1.0,1.0,1.0,1.0,1.0,1.0,100.0,26934645000.0,verified_statement_line_second_pass,24134026000.0,verified_statement_line_second_pass,5653778000.0,verified_statement_line_second_pass,994104000.0,verified_statement_line_second_pass,13.0,medium,20.59,medium,24.01667921311457,0.0369080045421055,0.2099072774116755,0.8960216850825397,12.0,3.0,0.25,independently_adjudicated_year_end_composition,verified_core_complete_third_pass
GCB_BANK_PLC,GCB Bank PLC,2024,GCB Bank PLC - 2024 - Annual Report.pdf,0c37f59a55c11cc2cb14af330ba7d13d025087a2f5d2eae09c253366c61632c3,verified_full_report,searchable,1.0,1.0,1.0,1.0,1.0,1.0,1.0,0.0,87.5,42584343000.0,verified_statement_line_second_pass,38531379000.0,verified_statement_line_second_pass,14443976000.0,verified_statement_line_second_pass,1209164000.0,verified_statement_line_second_pass,6.6,medium,,low,24.47475248745285,0.0283945674587488,0.3391851319627028,0.9048250198435608,12.0,3.0,0.25,independently_adjudicated_year_end_composition,verified_core_complete_third_pass
GCB_BANK_PLC,GCB Bank PLC,2025,GCB Bank PLC - 2025 - Annual Report.pdf,c129125fb39c89e609ac6bdeb434a1aca19faa93961e0905cf0b65a79d4ad281,verified_full_report,searchable,1.0,1.0,1.0,1.0,1.0,1.0,1.0,0.0,87.5,52398519000.0,verified_statement_line_second_pass,46389810000.0,verified_statement_line_second_pass,14451217000.0,verified_statement_line_second_pass,2043968000.0,verified_statement_line_second_pass,17.47,medium,15.06,medium,24.68214416451521,0.0390081254014068,0.275794378844944,0.885326739864537,12.0,5.0,0.4166666666666667,independently_adjudicated_year_end_composition,verified_core_complete_third_pass
GUARANTY_TRUST_BANK_GHANA_LIMITED,Guaranty Trust Bank (Ghana) Limited,2020,Guaranty Trust Bank (Ghana) Limited - 2020 - Annual Report.pdf,8252929d234c689a08072372c36739909cd03015b7bca9199ff516a8396e9d0b,verified_full_report,searchable,1.0,1.0,0.0,0.0,1.0,1.0,1.0,0.0,62.5,4081089298.0,high,3073669055.0,high,598072669.0,high,269330806.0,medium,,low,,low,22.1296297745323,0.0659948328334765,0.1465473125748791,0.753149179192501,7.0,4.0,0.5714285714285714,independently_adjudicated_year_end_composition,verified_core_complete_third_pass
GUARANTY_TRUST_BANK_GHANA_LIMITED,Guaranty Trust Bank (Ghana) Limited,2021,Guaranty Trust Bank (Ghana) Limited - 2021 - Annual Report.pdf,b58799cbf421f2270bd0536f2afdfca5a04a78f6636929ef06a45cd38c6cd178,verified_full_report,searchable,1.0,1.0,0.0,0.0,1.0,1.0,1.0,0.0,62.5,5035451469.0,high,3814973130.0,high,894166791.0,high,315446092.0,medium,,low,,low,22.339769025234208,0.0626450466143892,0.1775743042118077,0.7576228573517804,7.0,4.0,0.5714285714285714,independently_adjudicated_year_end_composition,verified_core_complete_third_pass
GUARANTY_TRUST_BANK_GHANA_LIMITED,Guaranty Trust Bank (Ghana) Limited,2022,Guaranty Trust Bank (Ghana) Limited - 2022 - Annual Report.pdf,6478e21ce536bd1ac21c24811b92b43267c5f97386ff2648e2d410c49dd4015e,verified_full_report,searchable,1.0,1.0,0.0,1.0,1.0,1.0,1.0,0.0,75.0,7132786508.0,high,5797163070.0,high,1779275749.0,high,114981416.0,medium,,low,,low,22.687967809610743,0.0161201258261464,0.2494503020669969,0.8127487151757606,6.0,4.0,0.6666666666666666,independently_adjudicated_year_end_composition,verified_core_complete_third_pass
GUARANTY_TRUST_BANK_GHANA_LIMITED,Guaranty Trust Bank (Ghana) Limited,2023,Guaranty Trust Bank (Ghana) Limited - 2023 - Annual Report.pdf,7415b360008fe94e2ed8238f9e4e92e8aac9db482ce6f62b2debe1a08a5ae863,verified_full_report,searchable,1.0,1.0,0.0,1.0,1.0,1.0,1.0,0.0,75.0,11224352893.0,high,9161717746.0,high,3094740459.0,high,725786449.0,medium,,low,,low,23.141351620182466,0.064661763214219,0.2757166037545038,0.8162357182937157,6.0,4.0,0.6666666666666666,independently_adjudicated_year_end_composition,verified_core_complete_third_pass
GUARANTY_TRUST_BANK_GHANA_LIMITED,Guaranty Trust Bank (Ghana) Limited,2024,Guaranty Trust Bank (Ghana) Limited - 2024 - Annual Report.pdf,0e5af2d8a747e7081d922b86e8e2d27549022c0163fcaca5f935549c8c3e0d8b,verified_full_report,searchable,1.0,1.0,1.0,1.0,1.0,1.0,1.0,0.0,87.5,15366150436.0,high,12872304232.0,high,5660310341.0,high,744022337.0,high,,low,,low,23.455432903530056,0.0484195661170214,0.3683622885624598,0.8377052070141532,6.0,4.0,0.6666666666666666,independently_adjudicated_year_end_composition,verified_core_complete_third_pass
GUARANTY_TRUST_BANK_GHANA_LIMITED,Guaranty Trust Bank (Ghana) Limited,2025,Guaranty Trust Bank (Ghana) Limited - 2025 - Annual Report.pdf,cda2a39fa7453ea6e59533e566b83ae40b114667c5220c81b0d4cfc4af5e9a83,verified_full_report,searchable,1.0,1.0,1.0,1.0,1.0,1.0,1.0,0.0,87.5,21201620254.0,high,18160388852.0,high,9545852878.0,high,1012223200.0,high,,low,,low,23.77734344277945,0.0477427285213746,0.4502416684969647,0.8565566515405243,6.0,3.0,0.5,independently_adjudicated_year_end_composition,verified_core_complete_third_pass
REPUBLIC_BANK_GHANA_PLC,Republic Bank (Ghana) PLC,2020,Republic Bank (Ghana) PLC - 2020 - Annual Report.pdf,d504f2a8ad3b4674b8d2ee7f34b6dd60b05cb732aec554fda6bdcd17c46650d0,verified_full_report,searchable,1.0,1.0,0.0,1.0,1.0,1.0,1.0,0.0,75.0,3647785000.0,verified_statement_line_second_pass,3039551000.0,verified_statement_line_second_pass,906641000.0,verified_statement_line_second_pass,51624000.0,medium,26.66,medium,18.16,medium,22.017385971018168,0.0141521498662887,0.2485456242623948,0.8332593615029394,9.0,8.0,0.8888888888888888,independently_adjudicated_year_end_composition,verified_core_complete_third_pass
REPUBLIC_BANK_GHANA_PLC,Republic Bank (Ghana) PLC,2021,Republic Bank (Ghana) PLC - 2021 - Annual Report.pdf,c2548ff45344ccb4f423b4cc380ae5716926e9c4275cd4bbbdfa8f377accc499,verified_full_report,searchable,1.0,1.0,0.0,1.0,1.0,1.0,1.0,0.0,75.0,4226259000.0,verified_statement_line_second_pass,3536327000.0,verified_statement_line_second_pass,946055000.0,high,81698000.0,verified_statement_line_second_pass,27.63,medium,19.03,medium,22.16458304153157,0.0193310443112928,0.2238516380562573,0.8367511314379928,8.0,7.0,0.875,independently_adjudicated_year_end_composition,verified_core_complete_third_pass
REPUBLIC_BANK_GHANA_PLC,Republic Bank (Ghana) PLC,2022,Republic Bank (Ghana) PLC - 2022 - Annual Report.pdf,7c1d2cd881f184b54e58469b34647452ab8aef33d91ce0ba913f01b84a1b5f92,verified_full_report,searchable,1.0,1.0,0.0,1.0,1.0,1.0,1.0,0.0,75.0,5080292000.0,verified_statement_line_second_pass,4418768000.0,verified_statement_line_second_pass,1759927000.0,high,-66837000.0,verified_statement_line_second_pass,21.25,medium,15.32,medium,22.34863457719983,-0.0131561335450796,0.3464224103653884,0.8697862248862861,9.0,8.0,0.8888888888888888,independently_adjudicated_year_end_composition,verified_core_complete_third_pass
REPUBLIC_BANK_GHANA_PLC,Republic Bank (Ghana) PLC,2023,Republic Bank (Ghana) PLC - 2023 - Annual Report.pdf,7e6e9cdc82f1fa83e66d06a190c983bb768842ff29b761969f936170755a5889,verified_full_report,searchable,1.0,1.0,1.0,1.0,1.0,1.0,1.0,1.0,100.0,6952222000.0,verified_statement_line_second_pass,6160294000.0,verified_statement_line_second_pass,2985556000.0,high,130404000.0,medium,31.0,medium,19.85,medium,22.662327157656264,0.0187571685714293,0.4294391059433948,0.886089943618026,9.0,8.0,0.8888888888888888,independently_adjudicated_year_end_composition,verified_core_complete_third_pass
REPUBLIC_BANK_GHANA_PLC,Republic Bank (Ghana) PLC,2024,Republic Bank (Ghana) PLC - 2024 - Annual Report.pdf,8761408b573fed6e51934abcb635094703d962169ea3659e0caeccd4a3f1c4f4,verified_full_report,searchable,1.0,1.0,1.0,1.0,1.0,1.0,1.0,1.0,100.0,9544596000.0,verified_statement_line_second_pass,8564966000.0,verified_statement_line_second_pass,4470741000.0,high,187702000.0,verified_statement_line_second_pass,31.0,medium,15.95,medium,22.97924096740332,0.0196657878447657,0.4684054725836484,0.897362863760813,8.0,3.0,0.375,independently_adjudicated_year_end_composition,verified_core_complete_third_pass
REPUBLIC_BANK_GHANA_PLC,Republic Bank (Ghana) PLC,2025,Republic Bank (Ghana) PLC - 2025 - Annual Report.pdf,d00d4aacba76239d419a06e0c6a8a921e0d4e41075d7b3256cebb8548d355a94,verified_full_report,searchable,1.0,1.0,1.0,1.0,1.0,1.0,1.0,1.0,100.0,12265013000.0,verified_statement_line_second_pass,11030793000.0,verified_statement_line_second_pass,6033188000.0,verified_statement_line_second_pass,254590000.0,verified_statement_line_second_pass,20.15,medium,15.64,medium,23.230016574582923,0.0207574178682077,0.4919022915018516,0.89937067331278,8.0,4.0,0.5,independently_adjudicated_year_end_composition,verified_core_complete_third_pass
SOCIETE_GENERALE_GHANA_PLC,Societe Generale Ghana PLC,2020,Societe Generale Ghana PLC - 2020 - Annual Report.pdf,ad4dbf5bbfdad1a7448cecc1c43e3671e1f9cdf888958d0294be5b85aadeca6c,verified_full_report,searchable,1.0,1.0,1.0,1.0,1.0,1.0,1.0,1.0,100.0,5115206352.0,high,4189611463.0,high,1561983616.0,high,154208915.0,high,17.06,medium,6.7,medium,22.35548357805826,0.0301471542667493,0.3053608219322918,0.8190503324195121,8.0,2.0,0.25,independently_adjudicated_year_end_composition,verified_core_complete_third_pass
SOCIETE_GENERALE_GHANA_PLC,Societe Generale Ghana PLC,2021,Societe Generale Ghana PLC - 2021 - Annual Report.pdf,dd237373536ed84c1559785bb6b030310b8876d4bda4791ce8bb4d2106b0c0d4,verified_full_report,searchable,1.0,1.0,1.0,1.0,1.0,1.0,1.0,1.0,100.0,5437022119.0,high,4408456782.0,high,963960922.0,high,184329633.0,high,22.38,high,7.58,medium,22.41649734333808,0.0339026821972728,0.1772957514061568,0.8108219325785678,9.0,3.0,0.3333333333333333,independently_adjudicated_year_end_composition,verified_core_complete_third_pass
SOCIETE_GENERALE_GHANA_PLC,Societe Generale Ghana PLC,2022,Societe Generale Ghana PLC - 2022 - Annual Report.pdf,a0762e694aaa6675bbad2d45e1c1b8eadb4850242c0414d3cde8c8971b92129c,verified_full_report,searchable,1.0,1.0,1.0,1.0,1.0,1.0,1.0,1.0,100.0,6595836103.0,comparative_candidate,5507198278.0,high,1950873066.0,high,108839926.0,high,16.0,medium,13.48,medium,22.609704393396903,0.0165013084467784,0.2957734297116145,0.8349507465012885,12.0,4.0,0.3333333333333333,independently_adjudicated_year_end_composition,verified_core_complete_third_pass
SOCIETE_GENERALE_GHANA_PLC,Societe Generale Ghana PLC,2023,Societe Generale Ghana PLC - 2023 - Annual Report.pdf,ace7d28206b0b802bd70385a54e1c0300692ed3e08d0577b340613ec1ce003fe,verified_full_report,searchable,1.0,1.0,1.0,1.0,1.0,1.0,1.0,1.0,100.0,8529826553.0,high,7016823673.0,high,2131699314.0,high,424802981.0,high,18.71,medium,19.55,medium,22.86683486448008,0.0498020655356226,0.2499112145780111,0.8226220813988455,12.0,4.0,0.3333333333333333,independently_adjudicated_year_end_composition,verified_core_complete_third_pass
SOCIETE_GENERALE_GHANA_PLC,Societe Generale Ghana PLC,2024,Societe Generale Ghana PLC - 2024 - Annual Report.pdf,777de8e70c428ef63872c2bbd2f157835b80753635b860f563110cb10a6e9c70,verified_full_report,searchable,1.0,1.0,1.0,1.0,1.0,1.0,1.0,1.0,100.0,10396290693.0,high,7950408770.0,high,3579482591.0,high,551299247.0,high,19.81,medium,16.56,medium,23.064714915339344,0.0530284563292558,0.3443038191891004,0.7647351353260202,11.0,4.0,0.3636363636363636,independently_adjudicated_year_end_composition,verified_core_complete_third_pass
SOCIETE_GENERALE_GHANA_PLC,Societe Generale Ghana PLC,2025,Societe Generale Ghana PLC - 2025 - Annual Report.pdf,393f0170771b868d9376e8332b108087e304d239679de965873fd46b40b4ddbe,verified_full_report,searchable,1.0,1.0,1.0,1.0,1.0,1.0,1.0,1.0,100.0,9676100447.0,high,7074325288.0,high,2676280210.0,high,397001300.0,high,23.39,medium,13.06,medium,22.9929248106862,0.0410290593999659,0.2765866502377784,0.7311132544302328,11.0,4.0,0.3636363636363636,independently_adjudicated_year_end_composition,verified_core_complete_third_pass
STANBIC_BANK_GHANA_LIMITED,Stanbic Bank Ghana Limited,2020,2020 stanbic Annual Report.pdf,00e8f9f17a282af5cddc57d4678d72263d152c6777939955b077187baf885893,verified_full_report,searchable,1.0,1.0,1.0,1.0,1.0,1.0,1.0,1.0,100.0,12742132000.0,verified_statement_line_second_pass,11062088000.0,verified_statement_line_second_pass,4024397000.0,verified_statement_line_second_pass,326055000.0,verified_statement_line_second_pass,,not_extracted_in_manual_recovery,,not_extracted_in_manual_recovery,23.268179820028266,0.0255887319327723,0.3158338808607539,0.8681504790564091,8.0,5.0,0.625,independently_adjudicated_year_end_composition,verified_core_complete_third_pass
STANBIC_BANK_GHANA_LIMITED,Stanbic Bank Ghana Limited,2021,2021 stanbic Annual Report.pdf,40f1a331db6c529e18bb4ab367a8c6fa3dbdcc757a414528761bbc8ebc51bdc5,verified_full_report,searchable,1.0,1.0,1.0,1.0,1.0,1.0,1.0,1.0,100.0,14043097000.0,verified_statement_line_second_pass,12090296000.0,verified_statement_line_second_pass,3316768000.0,verified_statement_line_second_pass,405190000.0,verified_statement_line_second_pass,,not_extracted_in_manual_recovery,,not_extracted_in_manual_recovery,23.365396795264576,0.0288533220271853,0.236184938407817,0.8609422836002628,7.0,4.0,0.5714285714285714,independently_adjudicated_year_end_composition,verified_core_complete_third_pass
STANBIC_BANK_GHANA_LIMITED,Stanbic Bank Ghana Limited,2022,2022 stanbic Annual Report.pdf,247f58aeda90e3dfb1a60c2a83e386503491ffff11dbc1a771db5c609a7b03c9,verified_full_report,searchable,1.0,1.0,1.0,1.0,1.0,1.0,1.0,1.0,100.0,18597451000.0,verified_statement_line_second_pass,16889659000.0,verified_statement_line_second_pass,8592750000.0,verified_statement_line_second_pass,-62595000.0,verified_statement_line_second_pass,,not_extracted_in_manual_recovery,,not_extracted_in_manual_recovery,23.646290365263564,-0.0033657838377958,0.4620391256844822,0.908170641234651,9.0,5.0,0.5555555555555556,independently_adjudicated_year_end_composition,verified_core_complete_third_pass
STANBIC_BANK_GHANA_LIMITED,Stanbic Bank Ghana Limited,2023,Stanbic Bank Ghana Limited - 2023 - Annual Report.pdf,2a9dbdd0a41146403a90906d45551c13754f0fcb10d3a8b10ceb444e68a3a00d,verified_full_report,searchable,1.0,1.0,0.0,1.0,1.0,1.0,1.0,1.0,87.5,24633538000.0,high,21656668000.0,visually_verified,8841231000.0,verified_statement_line_second_pass,1280415000.0,medium,19.6,medium,16.24,high,23.927374684722977,0.0519785261865348,0.3589103197437575,0.8791537780728046,8.0,5.0,0.625,independently_adjudicated_year_end_composition,verified_core_complete_third_pass
STANBIC_BANK_GHANA_LIMITED,Stanbic Bank Ghana Limited,2024,Stanbic Bank Ghana Limited - 2024 - Annual Report.pdf,92acfb3fce7a050f0855a6b5481e8624b81639288e72ada3c10e2d1735955c4c,verified_full_report,searchable,1.0,1.0,0.0,1.0,1.0,1.0,1.0,1.0,87.5,32590921000.0,high,28460257000.0,visually_verified,13801069000.0,high,1162602000.0,high,19.0,medium,17.08,high,24.207299589599085,0.0356725727388925,0.4234636081625309,0.8732572178613792,8.0,5.0,0.625,independently_adjudicated_year_end_composition,verified_core_complete_third_pass
STANBIC_BANK_GHANA_LIMITED,Stanbic Bank Ghana Limited,2025,Stanbic Bank Ghana Limited - 2025 - Annual Report.pdf,e1f8702e507da56e21ef98e08dd23d35bee8dc14e9e05f1eb3e17c1570d036ba,verified_full_report,searchable,1.0,1.0,1.0,1.0,1.0,1.0,1.0,1.0,100.0,36708145000.0,high,30968814000.0,visually_verified,10146698000.0,high,1608667000.0,high,23.2,medium,24.63,high,24.326264501988,0.0438231624071442,0.2764154385899914,0.8436496586792931,8.0,5.0,0.625,independently_adjudicated_year_end_composition,verified_core_complete_third_pass
STANDARD_CHARTERED_BANK_GHANA_PLC,Standard Chartered Bank Ghana PLC,2020,Standard Chartered Bank Ghana PLC - 2020 - Annual Report.pdf,a50914c04bcab30d53329ee90ec0b1588148741674ea1b246552a0c76df5c1b3,verified_full_report,searchable,1.0,1.0,0.0,1.0,1.0,1.0,1.0,1.0,87.5,8031674000.0,medium,6564870000.0,verified_statement_line_second_pass,2724718000.0,high,478296000.0,medium,70.0,medium,,low,22.80665881142268,0.0595512218249894,0.3392465879466721,0.8173725676614862,9.0,3.0,0.3333333333333333,independently_adjudicated_year_end_composition,verified_core_complete_third_pass
STANDARD_CHARTERED_BANK_GHANA_PLC,Standard Chartered Bank Ghana PLC,2021,Standard Chartered Bank Ghana PLC - 2021 - Annual Report.pdf,d4fa8a538b36d645ce1f44a5d01916f107d597f10faa38ff3c0d72ec9dbce8e8,verified_full_report,searchable,1.0,1.0,1.0,1.0,1.0,1.0,1.0,1.0,100.0,10120576000.0,medium,8477294000.0,medium,3203097000.0,high,436934000.0,medium,,low,,low,23.037836416182067,0.0431728391743711,0.3164935474028356,0.8376295973667902,7.0,4.0,0.5714285714285714,independently_adjudicated_year_end_composition,verified_core_complete_third_pass
STANDARD_CHARTERED_BANK_GHANA_PLC,Standard Chartered Bank Ghana PLC,2022,Standard Chartered Bank Ghana PLC - 2022 - Annual Report.pdf,d56c1fa505569875dd9e6c5b857dd8a18f77815f028db176e76e4ce2e000ef8c,verified_full_report,searchable,1.0,1.0,1.0,1.0,1.0,1.0,1.0,1.0,100.0,10367004000.0,verified_statement_line_second_pass,9039646000.0,verified_statement_line_second_pass,3978479000.0,high,-299634000.0,verified_statement_line_second_pass,,low,,low,23.061893907127,-0.0289026607880155,0.3837636215824745,0.8719632017118929,7.0,3.0,0.4285714285714285,independently_adjudicated_year_end_composition,verified_core_complete_third_pass
STANDARD_CHARTERED_BANK_GHANA_PLC,Standard Chartered Bank Ghana PLC,2023,Standard Chartered Bank Ghana PLC - 2023 - Annual Report.pdf,8383cc958456edab7f2e4979399380f7b893a0ad61bb97bdb147eac4f3e18868,verified_full_report,searchable,1.0,1.0,1.0,1.0,1.0,1.0,1.0,1.0,100.0,13920755000.0,verified_statement_line_second_pass,11995962000.0,verified_statement_line_second_pass,4309599000.0,verified_statement_line_second_pass,864391000.0,verified_statement_line_second_pass,,low,,low,23.356646728887576,0.0620936867289166,0.3095808381082779,0.8617321402467035,9.0,3.0,0.3333333333333333,independently_adjudicated_year_end_composition,verified_core_complete_third_pass
STANDARD_CHARTERED_BANK_GHANA_PLC,Standard Chartered Bank Ghana PLC,2024,Standard Chartered Bank Ghana PLC - 2024 - Annual Report.pdf,67f3da7a3e121c65c103548a6c560ce37178b2d15aef111cc93f3fbe048317c5,verified_full_report,searchable,1.0,1.0,1.0,1.0,1.0,1.0,1.0,1.0,100.0,14300301000.0,verified_statement_line_second_pass,12262150000.0,verified_statement_line_second_pass,4593873000.0,high,708385000.0,verified_statement_line_second_pass,,low,,low,23.383546422941794,0.0495363698987874,0.321243098309609,0.8574749580445894,9.0,4.0,0.4444444444444444,independently_adjudicated_year_end_composition,verified_core_complete_third_pass
STANDARD_CHARTERED_BANK_GHANA_PLC,Standard Chartered Bank Ghana PLC,2025,Standard Chartered Bank Ghana PLC - 2025 - Annual Report.pdf,1ee6defc1d9b18b13595e13f5a7abc5429fcc5985ee0f211da537316c20eabdb,verified_full_report,searchable,1.0,1.0,1.0,1.0,1.0,1.0,1.0,1.0,100.0,16502639000.0,verified_statement_line_second_pass,13692818000.0,verified_statement_line_second_pass,6106101000.0,verified_statement_line_second_pass,798681000.0,verified_statement_line_second_pass,10.0,medium,,low,23.526786144457944,0.0483971684771144,0.3700075484896688,0.8297350502546895,9.0,4.0,0.4444444444444444,independently_adjudicated_year_end_composition,verified_core_complete_third_pass
UNITED_BANK_FOR_AFRICA_UBA_GHANA_LIMITED,United Bank for Africa (UBA Ghana) Limited,2020,United Bank for Africa (UBA Ghana) Limited - 2020 - Annual Report.pdf,5e81ac0dd5d06c817d85a741cbe19187ee19275d900606349ff8364ed27b0e4a,verified_full_report,searchable,1.0,1.0,1.0,1.0,1.0,1.0,1.0,1.0,100.0,3950146264.0,high,2958397834.0,high,951072339.0,verified_statement_line_second_pass,162216230.0,high,74.3,medium,44.31,medium,22.09701844403465,0.0410658793772705,0.2407688919439971,0.748933744798671,12.0,6.0,0.5,independently_adjudicated_year_end_composition,verified_core_complete_third_pass
UNITED_BANK_FOR_AFRICA_UBA_GHANA_LIMITED,United Bank for Africa (UBA Ghana) Limited,2021,UBA-Ghana-Ltd-2021-Annual-Report-compressed.pdf,c74a174420239c3e1fd27fd61f32bba4000585815050ab03541c2171d9e111bd,verified_full_report,searchable,1.0,1.0,1.0,1.0,1.0,1.0,1.0,1.0,100.0,5373199867.0,verified_statement_line_second_pass,4240518624.0,verified_statement_line_second_pass,1040251267.0,verified_statement_line_second_pass,141764737.0,verified_statement_line_second_pass,,low,,low,22.404689446400656,0.0263836709054247,0.1935999577065425,0.7891980065814291,12.0,6.0,0.5,independently_adjudicated_year_end_composition,verified_core_complete_third_pass
UNITED_BANK_FOR_AFRICA_UBA_GHANA_LIMITED,United Bank for Africa (UBA Ghana) Limited,2022,United Bank for Africa (UBA Ghana) Limited - 2022 - Annual Report.pdf,48526583bbc70533a514f988cebb797b975ceca40e003507614ca67e136c7616,verified_full_report,searchable,1.0,1.0,1.0,1.0,1.0,1.0,1.0,1.0,100.0,6210061793.0,high,5018795599.0,high,1855756294.0,verified_statement_line_second_pass,59594174.0,high,20.2,high,15.8,high,22.5494366834059,0.0095963898567281,0.2988305681743479,0.8081716038087094,10.0,5.0,0.5,independently_adjudicated_year_end_composition,verified_core_complete_third_pass
UNITED_BANK_FOR_AFRICA_UBA_GHANA_LIMITED,United Bank for Africa (UBA Ghana) Limited,2023,United Bank for Africa (UBA Ghana) Limited - 2023 - Annual Report.pdf,9c31a859778b6ae4f1cee79d3684d7b1343f1d433ed612033070b38f3554a05e,verified_full_report,searchable,1.0,1.0,0.0,1.0,1.0,1.0,1.0,0.0,75.0,7921425521.0,high,6554316698.0,high,2615910993.0,verified_statement_line_second_pass,175842629.0,high,15.0,medium,24.7,medium,22.792837016601737,0.0221983566636881,0.330232353515806,0.8274163129634,10.0,5.0,0.5,independently_adjudicated_year_end_composition,verified_core_complete_third_pass
UNITED_BANK_FOR_AFRICA_UBA_GHANA_LIMITED,United Bank for Africa (UBA Ghana) Limited,2024,United Bank for Africa (UBA Ghana) Limited - 2024 - Annual Report.pdf,1c731c9b10ebe6fe27726ca9dfe32e9fc0381bec2748e5c1e45815f733f61ff8,verified_full_report,searchable,1.0,1.0,0.0,1.0,1.0,1.0,1.0,0.0,75.0,9847835436.0,high,8356414133.0,high,3752966689.0,verified_statement_line_second_pass,164312480.0,high,17.25,medium,12.5,medium,23.010517515290893,0.0166851366544301,0.3810955933809128,0.8485533889459685,9.0,4.0,0.4444444444444444,independently_adjudicated_year_end_composition,verified_core_complete_third_pass
UNITED_BANK_FOR_AFRICA_UBA_GHANA_LIMITED,United Bank for Africa (UBA Ghana) Limited,2025,United Bank for Africa (UBA Ghana) Limited - 2025 - Annual Report.pdf,106d49e90ba15d2bcbd9df9784a7d6463420c321ea3140577c2802e8b4190afb,verified_full_report,searchable,1.0,1.0,0.0,1.0,1.0,1.0,1.0,0.0,75.0,11541568484.0,verified_statement_line_second_pass,9645823716.0,verified_statement_line_second_pass,2907805813.0,verified_statement_line_second_pass,407103604.0,verified_statement_line_second_pass,,unsupported_wrong_entity_source,,unsupported_wrong_entity_source,23.169221005948177,0.0352728144848219,0.2519419970544794,0.8357463484596519,9.0,5.0,0.5555555555555556,independently_adjudicated_year_end_composition,verified_core_complete_third_pass
ZENITH_BANK_GHANA_LIMITED,Zenith Bank (Ghana) Limited,2020,Zenith Bank (Ghana) Limited - 2020 - Annual Report.pdf,d0c82a20899f15f280cb32605b04595d6915a4289caa6f737a27b97ba0ed803c,verified_full_report,ocr_or_visual_review_required,1.0,1.0,0.0,1.0,1.0,1.0,1.0,0.0,75.0,8034580000.0,comparative_candidate,6577786000.0,comparative_candidate,1096820000.0,verified_statement_line_second_pass,338126000.0,visually_verified,,low,,low,22.80702056345669,0.0420838425904029,0.1365124250427527,0.818684486307934,7.0,3.0,0.4285714285714285,independently_adjudicated_year_end_composition,verified_core_complete_third_pass
ZENITH_BANK_GHANA_LIMITED,Zenith Bank (Ghana) Limited,2021,Zenith Bank (Ghana) Limited - 2021 - Annual Report.pdf,f13193d292c7259c73148a75eddfc74d70c8bec56803f3e1d501d0c838a7f22b,verified_full_report,searchable,1.0,1.0,0.0,1.0,1.0,1.0,1.0,0.0,75.0,8864266000.0,medium,7310129000.0,medium,1162515000.0,verified_statement_line_second_pass,220105000.0,visually_verified,45.09,medium,,low,22.905293975526348,0.0248305951107514,0.1311462223719369,0.8246739211120244,7.0,3.0,0.4285714285714285,independently_adjudicated_year_end_composition,verified_core_complete_third_pass
ZENITH_BANK_GHANA_LIMITED,Zenith Bank (Ghana) Limited,2022,Zenith Bank (Ghana) Limited - 2022 - Annual Report.pdf,920fca7c91ed6423f3f4b28c370e3fc29d7f65d7ca62d3cc7892cb9e9b407421,verified_full_report,searchable,1.0,1.0,0.0,1.0,1.0,1.0,1.0,0.0,75.0,9659571000.0,comparative_candidate,8677204000.0,comparative_candidate,2286213000.0,verified_statement_line_second_pass,-419770000.0,verified_statement_line_second_pass,,low,,low,22.9912150742468,-0.0434563812409474,0.2366785233008795,0.8983011771433742,6.0,3.0,0.5,independently_adjudicated_year_end_composition,verified_core_complete_third_pass
ZENITH_BANK_GHANA_LIMITED,Zenith Bank (Ghana) Limited,2023,Zenith Bank (Ghana) Limited - 2023 - Annual Report.pdf,2174f80ce4aa387a4d826e76ab973f6e3d247568b7b6391accf2792e9f6a5280,verified_full_report,searchable,1.0,1.0,0.0,1.0,1.0,1.0,1.0,0.0,75.0,13863499000.0,high,12205031000.0,high,4866354000.0,verified_statement_line_second_pass,676101000.0,medium,29.0,medium,,low,23.3525252519497,0.0487684241907472,0.3510191763277077,0.880371614698425,8.0,4.0,0.5,independently_adjudicated_year_end_composition,verified_core_complete_third_pass
ZENITH_BANK_GHANA_LIMITED,Zenith Bank (Ghana) Limited,2024,Zenith Bank (Ghana) Limited - 2024 - Annual Report.pdf,0ecc8dba875dc6875516bfe672f32301ca5cc1605f6d8276dc6f0f22843205af,verified_full_report,searchable,1.0,1.0,0.0,1.0,1.0,1.0,1.0,0.0,75.0,19127133000.0,high,17074861000.0,high,5847300000.0,medium,451978000.0,comparative_candidate,,low,,low,23.67437373985184,0.0236302011388742,0.3057070811396564,0.8927036268321028,8.0,4.0,0.5,independently_adjudicated_year_end_composition,verified_core_complete_third_pass
ZENITH_BANK_GHANA_LIMITED,Zenith Bank (Ghana) Limited,2025,Zenith Bank (Ghana) Limited - 2025 - Annual Report.pdf,491f78bc0db26209f65e700b312e5602f4a226aec0ac5552170a5aa721163c1b,verified_full_report,searchable,1.0,1.0,0.0,1.0,1.0,1.0,1.0,0.0,75.0,26702820000.0,high,23652834000.0,high,8262037000.0,verified_statement_line_second_pass,997714000.0,medium,20.4,medium,,low,24.00803501475296,0.0373636192731704,0.3094069090830107,0.8857803782521846,10.0,6.0,0.6,independently_adjudicated_year_end_composition,verified_core_complete_third_pass
