firm_size_c,firm_size_ln_assets,marginal_effect,ci_lower_95,ci_upper_95
-0.9921295750349461,22.235221522293884,-29.55151672577282,-61.46387286726858,2.360839415722939
-0.9716502135340206,22.25570088379481,-29.25786413193007,-60.51048096018694,1.994752696326799
-0.9511708520330949,22.276180245295734,-28.96421153808732,-59.56090911242639,1.6324860362517448
-0.9306914905321694,22.29665960679666,-28.67055894424457,-58.615408351560475,1.2742904630713348
-0.9102121290312437,22.317138968297584,-28.376906350401818,-57.67425041650494,0.9204377157013042
-0.8897327675303182,22.33761832979851,-28.083253756559067,-56.737729713344045,0.5712222002259111
-0.8692534060293926,22.358097691299434,-27.789601162716316,-55.80616546167788,0.22696313624524933
-0.8487740445284669,22.37857705280036,-27.495948568873565,-54.879904046621235,-0.11199309112589617
-0.8282946830275414,22.39905641430129,-27.202295975030818,-53.959321591235344,-0.44527035882629207
-0.8078153215266157,22.419535775802213,-26.908643381188067,-53.04482676313431,-0.7724599992418248
-0.7873359600256902,22.44001513730314,-26.61499078734532,-52.13686382700995,-1.0931177476806937
-0.7668565985247646,22.460494498804064,-26.32133819350257,-51.2359159515208,-1.4067604354843368
-0.746377237023839,22.48097386030499,-26.02768559965982,-50.34250877395934,-1.7128624253603029
-0.7258978755229133,22.501453221805914,-25.734033005817068,-49.457214218801724,-2.0108517928324083
-0.7054185140219877,22.52193258330684,-25.440380411974317,-48.58065455599221,-2.3001062679564193
-0.6849391525210622,22.542411944807768,-25.146727818131566,-47.713506670817594,-2.5799489654455385
-0.6644597910201366,22.562891306308693,-24.853075224288816,-46.856506498554005,-2.8496439500236264
-0.643980429519211,22.583370667809618,-24.559422630446065,-46.01045355266807,-3.1083917082240653
-0.6235010680182853,22.603850029310543,-24.265770036603314,-45.17621544411381,-3.3553246290928165
-0.6030217065173598,22.624329390811468,-23.972117442760567,-44.3547322500999,-3.5895026354212334
-0.5825423450164342,22.644808752312393,-23.678464848917816,-43.54702054272204,-3.809909155113594
-0.5620629835155087,22.665288113813318,-23.38481225507507,-42.75417683063023,-4.015447679519909
-0.541583622014583,22.685767475314247,-23.091159661232318,-41.9773801008354,-4.204939221629239
-0.5211042605136573,22.706246836815172,-22.797507067389567,-41.217893074618914,-4.377121060160221
-0.5006248990127318,22.726726198316097,-22.503854473546816,-40.47706171507497,-4.530647232018669
-0.4801455375118062,22.747205559817022,-22.210201879704066,-39.75631245065535,-4.664091308752781
-0.45966617601088056,22.767684921317947,-21.916549285861315,-39.057146519292715,-4.775952052429911
-0.439186814509955,22.788164282818872,-21.622896692018564,-38.381130805400666,-4.864662578636462
-0.41870745300902945,22.808643644319798,-21.329244098175817,-37.7298845554467,-4.928603640904932
-0.3982280915081038,22.829123005820726,-21.035591504333066,-37.10506143796674,-4.966121570699393
-0.37774873000717824,22.84960236732165,-20.741938910490315,-36.50832658226797,-4.975551238712665
-0.35726936850625257,22.870081728822576,-20.448286316647565,-35.941328503873,-4.955244129422127
-0.336790007005327,22.8905610903235,-20.154633722804817,-35.40566621057599,-4.9036012350336495
-0.31631064550440147,22.911040451824427,-19.860981128962067,-34.90285226923233,-4.819109988691801
-0.2958312840034758,22.93151981332535,-19.567328535119316,-34.43427316363929,-4.700383906599345
-0.27535192250255025,22.951999174826277,-19.273675941276565,-34.00114882375038,-4.546203058802753
-0.2548725610016246,22.972478536327202,-18.980023347433814,-33.6044936677587,-4.355553027108925
-0.23439319950069903,22.99295789782813,-18.686370753591063,-33.245081772278986,-4.1276597349031405
-0.21391383799977348,23.013437259329056,-18.392718159748316,-32.92341878397171,-3.8620175355249238
-0.19343447649884782,23.03391662082998,-18.099065565905565,-32.63972285728983,-3.5584082745213
-0.17295511499792227,23.054395982330906,-17.805412972062815,-32.39391625477507,-3.21690968935056
-0.1524757534969966,23.07487534383183,-17.511760378220064,-32.18562835239325,-2.837892404046878
-0.13199639199607105,23.095354705332756,-17.218107784377313,-32.01420978276743,-2.422005785987194
-0.1115170304951455,23.11583406683368,-16.924455190534566,-31.87875648145425,-1.970153899614882
-0.09103766899421983,23.13631342833461,-16.630802596691815,-31.778141623134037,-1.4834635702495937
-0.07055830749329428,23.156792789835535,-16.337150002849064,-31.711052948877327,-0.9632470568208014
-0.05007894599236862,23.17727215133646,-16.043497409006314,-31.67603283149466,-0.4109619865179699
-0.029599584491443065,23.197751512837385,-15.749844815163565,-31.671518577879233,0.17182894755210398
-0.009120222990517401,23.21823087433831,-15.456192221320814,-31.69588085155273,0.7834964089111001
0.011359138510408151,23.238710235839235,-15.162539627478063,-31.747458618445677,1.4223793634895525
0.031838500011333704,23.25918959734016,-14.868887033635314,-31.82458957869585,2.086815511425222
0.052317861512259256,23.279668958841086,-14.575234439792565,-31.925635570190835,2.7751666906057064
0.07279722301318503,23.300148320342014,-14.281581845949813,-32.04900286601962,3.4858391741199988
0.09327658451411058,23.32062768184294,-13.987929252107062,-32.19315761520789,4.217299110993764
0.11375594601503614,23.341107043343865,-13.694276658264313,-32.35663689298335,4.968083576454726
0.1342353075159617,23.36158640484479,-13.400624064421564,-32.538055946409635,5.736807817566508
0.15471466901688724,23.382065766345715,-13.106971470578815,-32.73611226365949,6.5221693225018615
0.17519403051781302,23.40254512784664,-12.813318876736062,-32.949587082165145,7.322949328693021
0.19567339201873857,23.42302448934757,-12.519666282893311,-33.17734490215989,8.138012336373261
0.21615275351966412,23.443503850848494,-12.226013689050562,-33.4183315038242,8.966304125723076
0.23663211502058967,23.46398321234942,-11.932361095207813,-33.671570890354005,9.806848699938381
0.2571114765215152,23.484462573850344,-11.638708501365064,-33.93616150393753,10.6587445012074
0.277590838022441,23.50494193535127,-11.345055907522312,-34.21127199186856,11.521160176823933
0.29807019952336655,23.525421296852194,-11.051403313679561,-34.49613673847332,12.393330111114196
0.3185495610242921,23.54590065835312,-10.757750719836812,-34.790051326162605,13.274549886488982
0.33902892252521766,23.566380019854044,-10.464098125994063,-35.09236804565168,14.16417179366356
0.3595082840261432,23.586859381354973,-10.170445532151312,-35.40249154050659,15.06160047620396
0.379987645527069,23.607338742855898,-9.876792938308562,-35.719874643661385,15.966288767044258
0.40046700702799454,23.627818104356823,-9.58314034446581,-36.04401444228928,16.87773375335766
0.4209463685289201,23.64829746585775,-9.289487750623062,-36.374448591313374,17.795473090067254
0.44142573002984564,23.668776827358673,-8.995835156780313,-36.71075188391717,18.71908157035654
0.4619050915307712,23.6892561888596,-8.702182562937562,-37.05253307879666,19.648167952921533
0.48238445303169697,23.709735550360524,-8.408529969094811,-37.39943197785531,20.582372039665685
0.5028638145326225,23.730214911861452,-8.11487737525206,-37.751116743980575,21.521361993476454
0.5233431760335481,23.750694273362377,-7.821224781409311,-38.107281445972525,22.464831883153906
0.5438225375344736,23.771173634863302,-7.5275721875665615,-38.46764381623662,23.412499441103492
0.5643018990353992,23.791652996364228,-7.233919593723812,-38.83194320620426,24.36410401875664
0.584781260536325,23.812132357865153,-6.940266999881059,-39.19993872437402,25.3194047246119
0.6052606220372505,23.832611719366078,-6.64661440603831,-39.57140754219588,26.278178730119258
0.6257399835381761,23.853091080867003,-6.352961812195561,-39.94614335361889,27.240219729227775
0.6462193450391016,23.873570442367928,-6.059309218352812,-40.32395497488767,28.20533653818205
0.6666987065400272,23.894049803868857,-5.765656624510061,-40.70466507203413,29.173351823014006
0.6871780680409529,23.914529165369782,-5.472004030667309,-41.088109004415266,30.14410094308065
0.7076574295418785,23.935008526870707,-5.17835143682456,-41.47413377355687,31.11743089990775
0.728136791042804,23.955487888371632,-4.884698842981811,-41.86259706745372,32.093199381490095
0.7486161525437296,23.975967249872557,-4.591046249139062,-42.253366391330204,33.07127389305208
0.7690955140446551,23.996446611373482,-4.297393655296311,-42.64631827667167,34.05153096607905
0.7895748755455809,24.01692597287441,-4.0037410614535585,-43.04133756109096,35.03385543818384
0.8100542370465065,24.037405334375336,-3.7100884676108095,-43.438316732292,36.01813979707038
0.830533598547432,24.05788469587626,-3.4164358737680605,-43.83715533003535,37.004283582499234
0.8510129600483576,24.078364057377186,-3.1227832799253097,-44.23775940059764,37.99219284074702
0.8714923215492831,24.09884341887811,-2.8291306860825607,-44.64004099875318,38.98177962658805
0.8919716830502089,24.119322780379036,-2.535478092239808,-45.04391773279184,39.97296154831223
0.9124510445511345,24.13980214187996,-2.241825498397059,-45.44931234852831,40.9656613517342
0.93293040605206,24.160281503380887,-1.9481729045543101,-45.85615234865551,41.95980653954689
0.9534097675529856,24.180760864881815,-1.6545203107115594,-46.26436964415475,42.955329022731625
0.9738891290539113,24.20124022638274,-1.3608677168688068,-46.673900234798225,43.952164801060604
0.9943684905548369,24.221719587883666,-1.0672151230260578,-47.084683916071334,44.950253670019215
1.0148478520557624,24.24219894938459,-0.7735625291833088,-47.49666401010388,45.94953895173726
1.035327213556688,24.262678310885516,-0.4799099353405598,-47.909787118435254,46.94996724775414
